# BCMC Cell random cases (N up to 65,535)
#
# Generated by validation/gen_vectors.py from validation/reference.py
# Seed: 20260731.  Do not edit by hand.
#
# One evaluation of the BCMC characteristic function per line:
#
#     bit = 1  iff  ((column - offset) mod N) < weight
#
#      N  weight  offset  column  bit
  45633       0   27623    9538    0
  65356   46767   50985   30594    1
   2863       0    1585     424    0
  38489   36425   14125    4334    1
  10260   10259    2778   10177    1
  24179       0    5919    9606    0
  43737   43737   15737   12066    1
  37289       0   26116   37163    0
  54859       0   19494   17278    0
  62589   62588   47056   26579    1
  40361    6919   27790   24628    0
  15777    4378   12081    8138    0
   8123    8123    5433    1299    1
  58457     685   56146   39115    0
  30215   29612     917   14206    1
  51676       0   41253   26237    0
   2742    2741     202    1099    1
  13843   13843    2663    1014    1
  54774   23413   45922   10451    1
  63120   63120   10800   50966    1
  37090   19065   29907   35412    1
  16484   10999    2541    2221    0
  53064    9051   49377   48219    0
  37581   37581    2324   23177    1
  40400   13189    6825   39403    0
  32938   32938   21624   16722    1
    909     493       1      95    1
  61287   23455   33045   59204    0
  46829   39689   39525   34511    0
  43798   23485   24709    4934    0
  44554    4339   24850    2500    0
   1112    1112     451      34    1
    354      20     142      94    0
  32998   32998    6878    6743    1
  29470   29470   22925   22121    1
  18246    2822   11653   12760    1
  38431       0   31636   36632    0
  34300   34299   26594    5930    1
  46507   46507   13227   45477    1
  36649       0   28526   23644    0
  12206    4238    4888    8442    1
  34991   34991   34745   27505    1
  12879       0    1613    4825    0
  14157   14157    7330    8263    1
  49054   21672   28801   13468    0
  21643    6660   16901     830    1
   9757       0    3045    2408    0
  44933   14743   17067   37266    0
  59906   59905    2919   29187    1
  24541   23276    3256   10110    1
   8375    3976    1055    8024    0
  46725   46724    7402   28846    1
  23980   12210   22297    2173    1
  24547    6155   16623   23384    0
  29184       0   20410   20723    0
  62358   59667   43814   35828    1
  51604       0   46146   34396    0
  61978   61977   57717   52540    1
  47119   15760   23360   38186    1
  14102   14102    1369    8234    1
   5536    2421    2998     904    0
  39127   12913    8061    4384    0
   5172    4346    1833    3148    1
  20707   20706   11331    2940    1
  61227       0    5818   51296    0
   1096     378     202     383    1
  43575   11536   13001   41459    0
  51755   51755   27321   18426    1
  28005   25090   11690     842    1
   8893       0    8257     107    0
  14768       0    8811     937    0
  58008   25811     733   30901    0
  57315    2035   34224    7508    0
  64787   24538   24663   36501    1
  58616   46799   30778   37960    1
  15113   15113   13239    2079    1
  50538       0   14220   25443    0
  23131    7621    2113   12812    0
   6112       0    2936    4578    0
  40340   40340   38125    2745    1
  15401    2820    5420   14934    0
  32078   32078   15402   17740    1
  31881   13471   11548   22901    1
  12598    3452     311   10059    0
  44149   14578    5754   20566    0
  12477   12476   11941    9845    1
  30293    6229   11689   16560    1
  36996     877   12403    3764    0
  60342       0   38055   43141    0
  16253       0   16192    7294    0
  41820     777   34942   27800    0
   6831    6830     188    4714    1
  15707   15706    3762   12044    1
  22947   22946   18095   13157    1
  13363    9809    1394    4026    1
  37527   23868    3562     890    0
  43759   43025   22672   31944    1
  56954   21333   52387   49320    0
  18119   18119    2415    5346    1
  21534       0   18246    8022    0
  51059    5044   43981    2966    0
  24647   11481   10249   23012    0
  35238   35238    5272   23771    1
  33150     109    3993   19572    0
   1648    1236      86     876    1
  45420   45420    7363   45052    1
  15558   10684   11661    6313    1
   5933    1599     614    4841    0
  52062   52061   16978   25561    1
  64302    8982   38682   50818    0
  35549    1998   17070    6429    0
   2525       0    1315    1215    0
  52863       0    5681    3758    0
   1513    1513     314     791    1
  64680    3122   22711   42279    0
  51411   15939    7849   24574    0
  28577   13232   28416   24871    0
  47318   41666   32652   45643    1
  36031   12685     991   11746    1
  45850   33273   27432   15844    0
  46824   12927   44311   31262    0
  50531   35529   25355    4012    1
  61358   26669   34706   27798    0
   8874       0    3809    8586    0
   5138     300    1059     260    0
  51481   38368    6546   13914    1
  55240   55239   26653   55103    1
  52216   52216   50859   19840    1
   9818    8638     966    7531    1
  25046   13920   13302   11886    0
  47935   14315   16092    1604    0
   7998    7998    5912    5551    1
  27693       0   24976   13927    0
  23423       0   14822   20775    0
  12844   12844    6368    9823    1
  35379   35379   23368   28113    1
  33895   33894   21817   16706    1
   3732     655    2247    1873    0
  35703    9237    2974    7848    1
  16935   10645    9310   11769    1
  44514    7238   33746   27028    0
  64493       0   21418    2784    0
  26289     127   21268   10408    0
   6517    6517    4673    6269    1
  38815   25615    3911    2629    0
  50903   43205   13476   12981    0
  36694   19275    5959   36652    0
  60380   60380   42576   55692    1
  32261   18241    1949    7873    1
  11795    1580   11270   10052    0
  62978   62978   43805   21655    1
  18651    9222   15714   14316    0
  47755   34032      82    1508    1
  47581   47501    3270   18875    1
   3755    1378      62    3676    0
  63005       0   47247   12637    0
  35630    7706   23523   19553    0
  31068   10298    7297   24601    0
   3051    2441    1925    1096    1
   4180       0    2885     172    0
  17620    9390   14099    8739    0
  65055   47402   40027   36612    0
  58172   58172   21482   44786    1
  61705   50499   58990   39138    1
  26967    7065   22073     598    1
  42352       0   40952   21156    0
  26187   11325    6123   24429    0
  27904   20532   27381    8281    1
  23718   23718   14715    9184    1
  16799   16799    9110   13285    1
  19320   12137    6941    3949    0
  24359   11193   19008   15842    0
  18463   18462     272    8295    1
  36463    4887    3317   32949    0
  32511    8027   25918   17183    0
  45515   23363   12786   32453    1
  23586   14958   12081   22900    1
  32483    8173    3610   19760    0
  56888   56888    3485   10857    1
  39066   15418   35246   20272    0
  41319    6068   23287   22966    0
  45007   13792    5656   40193    0
  16566       0   11112   11470    0
   8901    8901    1820    6665    1
  29047       0    5194   15450    0
   9793    9792    4868    8105    1
   3062     970    2258    3002    1
  49643    6856    1037   23969    0
  41013       0   15258   30561    0
  17802    6767    4798     768    0
  31860   28159    2091   26804    1
   4184     334    2176    4019    0
   5750    2702    3810    1629    0
  50405       0   49480   31695    0
  41732   29574   14444   23912    1
  30764       0   11429    8343    0
  43453       0   24873    4038    0
  33062   13753    4508    6869    1
  56903   56903   29899   49946    1
  15901   15901    1411    3354    1
  34737   22055    7347   15714    1
  15467   15467   13549   15044    1
  39918       0   32431   21231    0
  57575   52063   48407   10906    1
  20082    6907   16871    1559    1
   9989       0    1814    9579    0
  62815       0   57489   51282    0
   3328    2141    3173    1394    1
  65312   11399   50909    9234    0
  30949   17221   23862   18120    0
  18266   16005    5205     198    1
  17552    7999   11220    5699    0
   3695    2306    1793    2168    1
  23923    1006   13784    7151    0
  10647    4180    6154    8860    1
  32856   32856   30835   30396    1
  52235       0   27761    5125    0
  33199       0   25530   26807    0
  36738       0    7058   31383    0
   9300       0    5010    2728    0
  13480      20    9658    1790    0
  58308   45183   55202   36334    1
  23883    8650   13233   11388    0
  64107       0   17987   23770    0
  49397   12828    2122    7495    1
  39876   39875    7636   28564    1
  49974   32239    6212   34209    1
   1850     323     588     879    1
  53384       0    8837   26071    0
  13255       0   11454   12248    0
  61033   61033     601    6345    1
  40374   36830    9983   30694    1
  44971   31811   36008    9641    1
  27823   18497   22290    9977    1
  34051   29885    7443   31613    1
  35941   27547   13016   12840    0
  58500   58500   27117   16024    1
   8188    3070    1532    3166    1
  46215    5628   42248   10667    0
   3572    1506    3162    3002    0
  63664   63663   16715   61308    1
  32666   14460    1108   10848    1
  55810   55810   12223   39460    1
  28577   28577     820    9706    1
  61099       0    6094   30250    0
  59054    5971   41191   28786    0
   1089     718     619     619    1
  39334    4496    3137   15374    0
   1941     654     397     298    0
   5914    2325    5365     616    1
  47265       0   28886   43185    0
  28598   14120   15949    6279    0
  36372      62   10935   32089    0
  19786   19786    6026    7301    1
  16579   16579   13570      92    1
  30719   24550   15581   17586    1
  25981    7241    5878   13834    0
  57259   38400   35857   36376    1
  13811       0   12950   10330    0
  32594   29236    6636    7164    1
  42415   18871    1584   42307    0
  48684       0   13097   11409    0
  29938   17513   18997   29263    1
  18172    6099   12736   14472    1
  33634   27913   10650    6926    0
  35938    1871   12750   20392    0
  11467       0    3017    6819    0
  16952       0    5488   14401    0
  36418    9741     350   28344    0
   5424    2583    3804    5261    1
  52229    8296    9465   45574    0
  18035    8331    6816   14759    1
  61130   55968   59905   43510    1
  21219   16950     597   20069    0
  42726       0   20649   29205    0
  42325   28174    4787   12493    1
  65016   55026   43706   11358    1
  38173   12244   36236   37352    1
   3623    2515    2178    1349    0
  38595   38594   28417   18936    1
  57766   49953   23242   29973    1
   8788     102    4345    3383    0
  54436   54435   25323   47259    1
  36597    2672     216   21306    0
  43267       0   24322     180    0
   6799    5418    4737    1173    1
  48112   48112   11859   41005    1
  45437    9258   44640    8297    1
  48553   48552   24524   22606    1
  63920   50376    6390   41271    1
  63215    6709    2397   11253    0
  12780    1149    6875    4212    0
   2050    1421     627    1210    1
  19207   19206    6401   16396    1
  23248   23248   16301   22307    1
  22359    6261   21151    2528    1
  21699   14287    9721    4380    0
   3775    3774    2569    1222    1
  41660   41660   32747   33697    1
  22329   14915   13634    3900    1
  64937   11437   33643    7197    0
  40536   40536   21386    7891    1
  49412   26164   18243   18682    1
  21982   21982   19843    8435    1
  22634    1106   21958    7946    0
  40235   11644   30662   38139    1
  37993   18253   35371   30681    0
  44345   30570   26714   14381    0
  53201       0   19420   48660    0
  52280   52280   23201   33402    1
  20195   15096   11754      67    1
  55477   55477   12140   24457    1
  19631   15164   13182   19624    1
  23317    9257    6914   12605    1
   4670       0     130    3506    0
  40550   16915   38677   33608    0
  25723    2672   19555    9477    0
  34499       0    1212    1242    0
  62357   62356    9131   43024    1
  21470       0   15761   15267    0
  43450       0   40567   31969    0
  40650   35326   38763   13872    1
  61517   61516   19498    2008    1
  27649   27648    6582   16300    1
  35771   28934    7981    5221    0
  16185   16184   11247    9487    1
  45481   45481   41809   19921    1
  52725    2400   25287    1918    0
  14043   10055    6499   10934    1
  18465    8739   11505   16521    1
  42215   35101   28271   38113    1
  65336    5105   24684   19438    0
  13264       0    9728    1131    0
  33617   33617   26449   26799    1
  23606    2047   14623   17600    0
  27617   27617   18857     409    1
  15061   15061    1986     666    1
   8886    8885    7930    7920    1
  56863   36353   45761   38570    0
  64058   45654   10391   34933    1
  29043   20755    5413   24479    1
  54874   46125   19949   45220    1
  40158    1547    6872    6852    0
   5694    5338    4746     984    1
  28088   28088   24155   21719    1
  26654   25348    3785    6604    1
  11708    3189    8704    5855    0
  23888   11862   12679    2414    0
  17134   10655   14916     822    1
  37372    8458    1823   28343    0
  45968   41133   29419    1841    1
  11216    3928    9420   10326    1
  32234   32162   24270   23857    1
  32860   29789   31768   29828    0
  19330    9174   15672   17418    1
  30914       0   28220   20045    0
  62599     805   53914   48730    0
  49475       0   35942    1623    0
  15782       0    5759   15759    0
    537     273     324     436    1
   2226       0    1941    1833    0
  41145   25357   16382   39680    1
  21024       0    4314    8530    0
  56064       0    2396   15625    0
  57644    7630   30162   49461    0
  61342       0   28291    5637    0
  10070   10070    5548    1249    1
   3802    3802     940    3358    1
  56177    7924   13601   19437    1
  54737    7360    4613   34823    0
  14724    9407    3173    3581    1
  18718    1628   16309    7925    0
   6551       0     447    1605    0
  44540    3496   25796    4185    0
  48806    8917    1258   16793    0
  33612   33612   23424    5386    1
  40435   38769   22412   11647    1
  27762   27761   26540    4838    1
  25767   17471   16984    1185    1
  59421   25977   21174   29413    1
  24790   18658   24201    6532    1
  11617   11617    4032    1665    1
  21627       0    6890   13345    0
  33065    3678   22664   31671    0
   7470    7470    3242    2837    1
  58327   39629   54224   12372    1
   9838    3524    8465    4609    0
  22652   22651   11206   16100    1
   8746    8745    7416    2091    1
  46059   14815   24040   22055    0
  57274    3829   53006   33863    0
  36153   34675   17923   32913    1
  53900       0   33564   34506    0
  27223    6130   14091   13891    0
   7788    7787    5408    5153    1
  41868   41868   41324   39836    1
  26301   26301   12862    9144    1
  42313   11677    7668    4125    0
  23307   18032   15969   10530    1
  13012   13011    2499    7395    1
   8100    3773    4986    3123    0
  23600    2528   20067    1968    0
  63918   63917   58782   30523    1
  61937   43995   16184   57752    1
  56880   56879   50461   17730    1
  36758   34353   15726   19457    1
  30005   28127   25971   17810    1
   7851       0    6183    1226    0
  59362   20627   12529   20289    1
  64856   64855   45553   56145    1
   8240    3107     708    4601    0
  22104       0    6853   14661    0
  34907   33275    1363   15829    1
  25196   13694    6404   18514    1
   1227       0     336     154    0
   8295     893    3644    6031    0
  10635    4867    8307    1463    1
  54483   39832   19264   46352    1
   9834       0    3318    6649    0
  32209   24913   17701    2582    1
   9915    9914    6169    5647    1
   3039     382    2310    2931    0
  31157    8412   18357   29101    0
  62044   52254   18076   26616    1
  31344   21070   24892    5412    1
  48433    6591   15784    5618    0
  36201   36201   32276   12821    1
  38276   23617   27171   13234    0
  18308    3089    5640    6030    1
  63301   47716   49282    1342    1
   2387    2387     917    1736    1
  20976   20976    4604   17861    1
  26344   16237   24802   19527    0
  37128   37127    4562    4241    1
  31482    7581   20201   27352    1
  16579    2030    3977    5041    1
  51854    7231   40061   38974    0
  32405   32046   26709    3799    1
   2388       0     551     588    0
  36087   36087   13165    9851    1
  61862   22939   55407   16363    1
   6373    6107    6163    3147    1
  30682   14845     216   17822    0
  56199   43361   30207   19300    0
  21442   14945   11606   17507    1
   4325    1561     678     596    0
  62225   62225   53597   59584    1
  31241   31240   11011   13586    1
   5094    5093    3225    3177    1
  55386    9233   38736   23514    0
  27663   10355   21102    2449    1
  40848   40847   24181   40800    1
  13363       0    6043   10500    0
  27018    7648   24647   17661    0
  22063   22062    4769   16682    1
  22060   13609    2315   21098    0
  20890   20889   16836   19772    1
  58111   11976    2214   26548    0
  29589   14678   23091   25736    1
   4334    1258    3464     696    0
  54186   54135   19160   33485    1
   3809    1443     735    2294    0
  51674   51673   44018   28616    1
  51761       0   32142   43255    0
  18332    6323   13390   14607    1
  62905   32699   35945   54379    1
  11375    9075    6054    1820    1
  31941   22256   19683    9125    1
  32846   15441   14653   29126    1
  62307   33565   27341   14998    0
  50880   50880   10191   46165    1
  31442       0   10409   22487    0
   6831       0    4679    5320    0
   3841    3253    2909    1289    1
  56783   27493    3827   29236    1
  40685   37041   20946   34121    1
   8991    5296    5511    6888    1
  12610   12609   12487    1319    1
  44154    9069    9274   22021    0
  26828   11594    5096   25261    0
   4521    1416    2970    2959    0
  52544   52544   26419    4918    1
  10530    7940    2458   10291    1
  22872       0   22241     429    0
  53779   12552   44193   16400    0
  14177   14176   12010   10915    1
  25514   16590   11067    9792    0
  63707   46137   19845    8206    0
  25667   25667   21614   10479    1
  43583   18205   41593   12140    1
  50821   16476   34930   42066    1
  15494       0   12816    6586    0
  17283   12442    3523   13786    1
  46021    1046   45163   30967    0
  40086   26333    5903   19214    1
  24978   15730    3224   22941    0
  47143   43652   35595   15488    1
  37106   25000   29343   30186    1
  49725   25060   42982    5413    1
  28206   28206    6676    8880    1
  43513       0   16732   14381    0
  32139   10092   18486    4534    0
  19464    6065    7972    6246    0
  34474    3759   18623   34413    0
  24838   16784    3509    1138    0
  29417   22898   23015   21979    0
  33044   28967   17805    2979    1
  24357   14562   15170    8987    0
  62068   17339   51891   32201    0
   6710    6710     528     407    1
  12595       0   12504    4091    0
  16032       0   15392   15995    0
  40544       0   37720   10078    0
  41417   23659    3770   21766    1
  36503   28268   24183   29131    1
  23273   13943   10103   21845    1
  20116   20115   11042   10614    1
  37664   24436   27648   25796    0
  41458   41458    9580   23596    1
   5973       0     619    1376    0
  15248   15247   12603   14556    1
  49942   31549   16529   20319    1
  65284   54864   29412   26405    0
  29199   29199   24560   21762    1
  37308       0   31129   33658    0
  43991   14028   32423     374    1
  44816       0   28970   36988    0
    376      39     314     123    0
  54469   48466   31023   12463    1
  53303   45825   18463   31352    1
  49222   23179   26852   18523    0
  61413   57552   10691   36607    1
  20461   20460    4020    1603    1
  37913   34850   31412   10017    1
  56713   56712    6116    6049    1
  55874   55873   26436   44132    1
  38615   23332   13006   25364    1
   1185    1104     562      98    1
   5995     635    5164    2204    0
  52152      61   46128   26772    0
  24961    4141   16114    2329    0
  22300    8800    9256    8990    0
  38095   38095   29544   13782    1
  25789    3754   22673   20514    0
  45978       0   34325   29271    0
  14904   14904   14789   12693    1
  60929       0   54907   49207    0
  23381    3297    2020    4319    1
  50447       0   42572   46306    0
  29334    6607   26330   12334    0
  50258       0   22820   16843    0
  30866   26889    3542   18754    1
  26290     672   24798   22568    0
  48670    7188    3438   30589    0
  22867   11238    9567    6868    0
  23027   23026   13653   21171    1
  30195       0    7511   19946    0
  27767   22782   20771    7627    1
  63734   37215   54474   44794    0
  51622    7651   30509   34563    1
  47023   29251   40333     314    1
  53961   41563   38091   33815    0
  37704    8084   19559   22336    1
  40078   34994   15517   17032    1
  35784       0    1893   10637    0
  54392    3646   43246    6426    0
  54428   54428   51788   20368    1
  36697    5438   22816   21892    0
  53065   53065   49727   12335    1
   5895    5328      59    1050    1
  21611   16413     145    4322    1
  17680    3396   12667    6105    0
  45225   45225   16732   36566    1
  53188   21768   42895    6822    1
  16336   16335    9777     305    1
  64261       0   12937   16750    0
  15510       0   10241    9519    0
  28206    7695   19439   15476    0
  33089   17944   21013   20828    0
  48199   38077   39862   28058    1
  61307   20883    9088    9097    1
  11603   11603    8013    6015    1
  19344     695   13372    9942    0
  19012   11838    3464   17155    0
  60976   59911   53004    8321    1
  47329   47329    2971   35606    1
   1787    1325     861    1699    1
  12235    4349    7416    8233    1
     14       8       1       4    1
  43839   17925   41217   26368    0
  53028   31637    2945   43421    0
  55693   19812   38023   37258    0
  25782       0   22536    2244    0
  58926   58926   11999   53753    1
  56911   32128   32226    9969    0
  18561   18561   18037     677    1
   7669    6490     394    1255    1
  50937   10142   49641   50543    1
    426     144      27     309    0
  44911    8600    5008   22544    0
   3764    3764    3084    2232    1
  47921   47920   34647   26778    1
  29178   12839    6502    8544    1
  47556   47555   43961   14949    1
  17360   13002    3456   12011    1
  41184   18031   37149   33395    0
  35307    1635   16079   22072    0
  42776   16158   37282   18054    0
  33751   13718   16465   17514    1
  41044       0   31016    6862    0
  63312       0   55461   11894    0
   7034    4890    1999    2078    1
  33293   14059    5216   29436    0
  15194   11751     758   11640    1
  38351       0   25099   23667    0
  24193    1656   10956   21154    0
  31466   13662      67   17780    0
  44614   35418   42098   42546    1
  31526   31526   30177   12254    1
  19799   17315   12304   10838    0
  63216   44189   33972    2485    1
   9671    9251    1804    9362    1
  37148   35619    9450     851    1
  63213   54182   49691    9590    1
  31766   13632    3820   19069    0
  63796   63796   27022   56968    1
  39498    1974   28597   27498    0
  62280   15026   20716   34902    1
  44023   18056   30531   24829    0
  57148   47987   28712   32115    1
  49446   31274   16455   41826    1
  45988   45987   29610   17840    1
  58239   13297   20505   29093    1
  63460    6730   54394   43183    0
  28266    2684   25799   10805    0
  20664    8274   16730    4921    0
  52121   34967   15713   18490    1
   4412       0     884    2726    0
  61877   61876   36327   11640    1
  43818   14486   42362    2694    1
   1131     829     736      95    1
  64924       0   64057   37149    0
  36491   36490   35867   25147    1
  59691    8481   52744   16607    0
  54702   54702   54196   30515    1
   7857    3149    1433    1290    0
  13047       0    5160    2195    0
  29579     661   26151    1989    0
  61210   20269   12774   12327    0
  35243   14926   10379    5075    0
  19206       0   11047   13345    0
  58692   48605   10112   19130    1
  16645   11047   13690    8099    0
  17115   16857   15286   12383    1
  64785   17266   35478   15622    0
    461     241     370      10    1
  65155   10271   31860   30430    0
   2639     597    2335    1914    0
  17133     942    8641    1321    0
  16030    3848    9008    8810    0
  38896   38896   32738   29853    1
  65349   19349   16171   38148    0
   1141     108    1005     318    0
  19352   19352     701   10727    1
  58017   35785   45048    9689    1
  54840       0   28408   43105    0
  59163   59163   33518   38608    1
  46157    4666   34072    5770    0
  62765   62765   60609   45464    1
  64241   64204   34501    3975    1
   7326    7326    1088    3980    1
  42321     740    6068   16275    0
  50774   24817   35263   39860    1
  10213   10212    6439    8710    1
  16875       0   14230    3699    0
  24960       0     100     614    0
  10094    8691    2302    7752    1
  65195   65195   18740   21774    1
  57438   13155    9870   26456    0
  53400   30412   14228   22506    1
  34391   26301    4098   10301    1
  53083   15148   50876   21285    0
  10740    1464    8954    8414    0
  57088   57087    2318   15346    1
  32273   19141    6390   19695    1
  39514    6710   28970    7231    0
  59415       0   15448    2722    0
   6727    3105    5326    3399    0
  59564       0   30223   50137    0
  40653    4398    8273    9761    1
   9735       0    1184    3139    0
  50858      95   41941   37376    0
  41063       0    9579    1251    0
  54129   36436   40515   18906    1
   3845    3845    2039    3045    1
  24252   18345    6743    3837    0
  10132    8425    2680     309    1
  45646   45645   22801    5916    1
  21420   17562    2251    8188    1
  30238   14936    9213   22137    1
  17123    5380    6711    8517    1
  54004   40460   53988   47034    0
  45557   28053   36428    4464    1
  10425       0    2560    6640    0
  43168       0   18628   32153    0
  19616    2224     475   16940    0
  60321   21716   36332   24351    0
  15016   12833     146    9263    1
  55273       0   51750   47205    0
  21020   21020    1996   12196    1
  43590   15272   34820   39962    1
  61365   48135    6312   46908    1
  31881   25655    7583    6578    0
  24302   12726    9380   10956    1
  37821   37820   18957   36924    1
  55683   17711   43377   27112    0
  59332       0   25838   43461    0
  30991   11112   18472   24094    1
  60847   60846   14708    4823    1
   3195    1931    1459    1757    1
  34922   29405   29285   19905    1
  59077       0   20949    1703    0
  30721       0   13431   11901    0
  33195   33195   29341   32113    1
  26563   26563    3434   17977    1
   3688    3433     948    1229    1
   2027    2027    1677     315    1
  57217   29206    9314   18323    1
  65154       0   19618   19824    0
  12228    2831    5957    9202    0
   4862    4861    3175    2175    1
  30852   20199     172   11963    1
  22604   19232    2419    3665    1
  50504   50503   34202   30747    1
  37884   37884   28477   30923    1
  17168   13761    4616   13774    1
  37637   27523   13408   35417    1
  17856       0    7681   17288    0
  55494    9611   19419   15869    0
  16759    1430     743   15398    0
  34455   30398   31599   16830    1
  40876   10545   31582    8815    0
  51785   33303    9745   17268    1
  65076   65075   25613   39121    1
  40156    5889   25420   33950    0
  24640    6268    2237    7710    1
  20792    4041   16018    7538    0
  64912   64912   36552   33112    1
  61541   61540    4439   24121    1
   8271    1190    2575     327    0
   2188    1750     941     280    1
  28821    4608   22528   20544    0
  52040    8778   50189    6583    1
  35295   23405    4451   12839    1
   6187    6186     256    2346    1
  64118   45135    5070   30246    1
  28872   25528     424   19359    1
  40503   33162   16337   21843    1
  62214       0   10544   23058    0
  18154   18154    4403    8820    1
  20667   20667     344   20344    1
  44212   32695   17050    9016    0
  51260    9100   40248   47005    1
  31784   11265   21691    6917    0
     29      29      20      16    1
  38989       0   15541   22983    0
  21764    1900    1484    2985    1
  43640   24071   20539   28654    1
  58188    7451   41673   48644    1
  53197       0   37770   22134    0
  51328   39820   11253   14724    1
  48295     179   44810   36785    0
  64429   53466   35301   44900    1
  29430    2012    9059   18916    0
  40876       0    9477   35718    0
  42419       0   27285   15405    0
  22790    8661    1609   10706    0
  14160     471    9368    4232    0
   1033     992     497       4    1
  44210       0   32417    8164    0
  24863       0   20731   14285    0
  64116   48995   34075   38345    1
  36521   36521   31562   15508    1
   6720    5381    1284    1197    0
  59442       0   25146   14305    0
   4739     511    4377    1314    0
   4488    2226    3525    1636    0
  55577   28940   28228   15200    0
  53980    2576   32148   15541    0
  46875   42980   22058    7432    1
  63819   63818   43527    5923    1
  60470   60469   39003   42139    1
  64207   64207   21429   54932    1
  17943     593   16789    9763    0
  12166   10170     636    8956    1
  64548   47545   43841   45037    1
  51730   51730   35612   21839    1
   5495       0    5120    2769    0
  48741   26076   41757   30299    0
   6969       0    1429     262    0
  29564    4081   23852   19584    0
  39868   39867   22226   29780    1
   9230    9230    3760    6722    1
   6694    4013    5528    6175    1
  23622    1948   22531    3065    0
  23693   23692    4602    1579    1
  14874       0    4593    9191    0
  46644   11266   26583   10010    0
  36559   15095    4468   35991    0
   1161      23     935     193    0
  39693   11968   22325   15988    0
  50837       0   29690   22184    0
  12119   10059    9839    2699    1
   4961    4961     541    3638    1
  43781   43781   21920   20716    1
  48808    2755   40916   18119    0
  50314   16899   34713    7655    0
  45832    2087   33735     395    0
   3340    1557    1711    1665    0
  54512       0   26115   47787    0
  28382   28381   11843   11916    1
  51316       0   13620    7561    0
  50291   17834   31385    4002    0
  25168   16559   23740    2435    1
  22912   22912   12762   15097    1
  48282   48282   16465   42192    1
  24387   24387   24360   10758    1
   6607    6606    1842    2306    1
  64256   29341   62369   59323    0
  28250   28249   22220   21792    1
  51753   51752   24243   28975    1
  29199   20950   26454   17033    1
  52036   52036   24481   17102    1
  21132    5049   16885    4046    0
  60517   60517   20048   19865    1
  32093   16133   24099   13201    0
  48193   48193    7158   36560    1
   6874    6874    5186    3785    1
  34897       0   19189   13844    0
  27161       0    9468    3211    0
  43011       0   30519   19519    0
  21097   21096    9186   12830    1
  22337   10213    9676    3138    0
  25705   14962     848   24147    0
  47344    8029   35771   46990    0
  53564   15321   14584   45947    0
   8256    2732    3261    6321    0
  32916       0    6104   21266    0
  57483   38554   24412   46030    1
  62526   48799   23637   59545    1
  46613   46266     901   23938    1
   2738       0    1287     702    0
  33224   33223   20685   27272    1
  38699    3090    4423   16218    0
  49099   14080   45372   14655    0
   8218    6753    2635    3945    1
  43033   22179   20718    7738    0
   6825       0      17    2923    0
  58048   58048    3055   28977    1
  38297   38296   18640    4627    1
    355     103     170     241    1
  49506   46387   16902   36665    1
  35593    9672   29551   31779    1
  10619    8856    5963    2090    1
   8758    8758    3228    3565    1
   4763    2886    3834    3415    0
  44648   44647     219    5134    1
  62340   47060   40645   28988    0
  25496       0   23654   23112    0
  49804   47761   24209   36753    1
  24732   24732    8574   23549    1
  23152    7010    9960   11617    1
  23048   23048   17393   13509    1
  46081   46081    9049   15127    1
  41938       0   40686   18929    0
  64469   59552   25080   22077    0
  35329   28700   16570   17011    1
  20993   19055   12300    3453    1
  29290   23079    9299    4402    0
  17756   14656   12941    8770    1
  51466   14489   40806   43181    1
  38327   18732     983    5370    1
  14750   14749    5306     667    1
  20774   17053    4012   17000    1
  43442   43442    4933   15877    1
  63682   63682   24450   50132    1
   3365    3288    2822    2439    1
  18372    8307    1579   13817    0
  31820    9040   22920    9924    0
  58316   58315   33291    5000    1
   9417    9417    8783    9047    1
  38534       0    6602   38032    0
  16342    7133    6742    2152    0
  38656   17306   37685   23036    0
  32944   28456   17537   29264    1
  22097    9607     333   19987    0
  40688   22115   24707    4035    1
  31985   31985    4162   23035    1
    622       0     316     442    0
   3220    1008    1687    2999    0
  62032   62031   55945   34810    1
  22208       0    5399    9621    0
  47361   47360   33626   45925    1
  14462   11804     624    5664    1
   2924    2924    2469     342    1
  46529       0    3682   37353    0
  53538   44790    2821    1636    0
  33563   33562   24764     742    1
  64909   22416   23754   25210    1
  27009   27008    9384   22822    1
  48311   48311    8606   36875    1
  10677    2902    8209    9864    1
  26071   21757    2156    3641    1
  47456   37934   16590     707    1
  29147   19948    7621   11767    1
    323      25      59      23    0
  19183   14659   15589    2802    1
  21741    6461   14780    3414    0
  49806   13342     389   13071    1
   6480    3253    4443    4243    0
  47212   47211     283   26739    1
     42      42      37      14    1
  42534       0   11793   41373    0
  51350   51349   28497   50075    1
  40628    3580   25395    6793    0
  37765       0    8604   33479    0
  21709       0   18675    4372    0
  14083    7436    4676   12295    0
  49952   46800   47318    3357    1
  51776   51775   33751   14190    1
  41619   37710    6255   27996    1
  36240       0   16758   29064    0
  27002   24431   23248   16406    1
   9826    8774    3703    4991    1
  64058   64057   15193   36911    1
  42129   16813   13104   40879    0
  31601    4628   20433   17660    0
  38945    5247   29544   27430    0
  48788   17243   33382   39429    1
  53866    9895   26150   16174    0
  28326   28326    3850   12238    1
   5983    5737    4998    3655    1
  52476    2104   34515    2552    0
  62402   51466   12964   39524    1
  54856   18365    6767    6128    0
   9351       0    6274    8378    0
  47857   47857    4675   35564    1
  20870   10172   16637    2487    1
  17153   13597      49    6615    1
  33037   17845    9150    7302    0
  62630    7692    1529   42220    0
  48372   37536   35600   42331    1
  12041       0    7632    2793    0
   9700       0    3629    9146    0
  40243   36111   25256   33715    1
  47738   17781    3181   27736    0
  48385       0   18682   18630    0
  19026    8743    2579   18416    0
  33224   33224   25753   29780    1
  33733   15013   31517   12284    1
  45624       0   15880   17530    0
    550     341       8     144    1
    576     445     169      31    1
  43691   43690   16283    2920    1
  53804   35594   43812   14913    1
  40843       0   29116   21492    0
  28931       0   15569   22705    0
  47862       0   46252   33194    0
  43979   35438   28838      79    1
  12115   12115    7132    9012    1
  48306   48306   35811   47924    1
  47464     510   30361    5542    0
   6850    5144    1986    4218    1
  29660   29660    2835   18200    1
  22366   15252    9861   17157    1
   9299    5313     676    4468    1
  12892    7484    7158    9917    1
  34992    5395    2174    4748    1
  45855   38256   22037   15212    0
  20790   20790   16605    6526    1
  28511    9118    2872   14408    0
  11307    1290    8537    4581    0
  28883   28883    6445    8319    1
  61278   53735   55270   39293    1
  51351   51351   17716   30076    1
  41439       0   40911   19672    0
   3223    3222    2775    2338    1
  42077       0     466   14475    0
     97       0       3      62    0
  33443    1433   18158    8741    0
  45425   40927   33137    5154    1
   2871    2871    1943    2453    1
  26033   18582    6276    3954    0
  23667    7390   17145   12891    0
  40366   39795   10027   19376    1
  40975   28042   14045     383    1
  34980   33947    4732    3996    0
   7378     971    1496    6176    0
  41250   41250   10590    7819    1
  64145   37643    5652   56421    0
  47822   47822   34285   44525    1
  28708   28707   19058   25545    1
  10096    3727    8365    1394    1
  48902   16466    7824   28997    0
  60032    7218   23624   19857    0
  29974   19227   29351   24591    0
  50931   25561   31797   42650    1
  48041   31351   20816   33739    1
  44536   42129   43838   26854    1
  44838   44016   27023   15380    1
  30291   16069   13463   16865    1
  56546       0   14098   30050    0
  54308       0   33924   49261    0
  36103   16468    4734   10183    1
   4649    4649    2564    4087    1
  29610    3700   20380   17534    0
  38849   11292    6547   19978    0
  37652   20066   16240   35077    1
  50109   30126   13268   26095    1
  23602   10600   12081   12311    1
  25186   23511   15075   12879    1
  31731   31730   10133    6685    1
  63135   63134    4118   31424    1
  32232       0   11005   20098    0
   6476    6476    5695    2259    1
  51761   51761   39627   11595    1
  38592   38592   27078    7905    1
    469     391     367     228    1
  30516   30516    5707    3263    1
  46949   23345     899   15577    1
  64303    2978   37946   15948    0
  41788   35099   14415   32809    1
  10583    6685    6350    6548    1
  20377       0    4553    7563    0
    902     896     566     475    1
  31325   10373   23675   13975    0
  35347       0    5601   14312    0
  13500   11392    6690    2897    1
  13900    8741     599    7084    1
  41610    9708     350   27775    0
  34633   24524   26298   27966    1
  24830    5629     920    4922    1
  61089       0   37532   37921    0
  46462       0   32540   26617    0
   3654       0     317     472    0
  51942   51941   17718   20174    1
   1021     645     581     305    0
  54188   17597   13629    5707    0
  27841   10864   14653   18954    1
  18560    2705   14771   13115    0
  60142    9045   54119   35826    0
  25693   25693   22405   16559    1
   5717     979       5    1914    0
  26541   18955   22575    4928    1
  44069   38873    2955   15312    1
  41624   27167   36480   15556    1
  62921   24273    8891   17871    1
   5990    5989    1205    4956    1
  35549   35549    9747   23464    1
  52485    8930   48796   22633    0
  10144       0    5360    1204    0
  23360   22212    9571   12712    1
  29134   29133   19994   11022    1
  37714       0    1321   14144    0
   8418    2242    1933    7982    0
  64190   52898   45373   39632    0
  16010   16010    5700    7229    1
  39310    3329   18860   12922    0
  15086    7415    4590    4653    1
  54066       0    1569   43482    0
  31413    2133   28580   15214    0
   4188    2323    1438    2419    1
   6971    6971    6367    6234    1
  29492       0   21208   13811    0
  28969   25263    4286   25245    1
  52469   44145   49170   51774    1
  39005   11028   20861   35008    0
  52331   52331   26789   52019    1
   2973     187    2052     738    0
  31013   31012    1331   21134    1
  30240       0   19235   17048    0
  31077   31077   17760    6980    1
  20677   20677    4636    7494    1
  57167   14029   37601   44539    1
  14521    5349    4013   12131    0
  54662   47583   33637   53620    1
  39740   31371    5395   15145    1
   2981      41    1462    2106    0
  10852    2228    7682    8934    1
  60041   37971   19671    4965    0
  59837   59837   34793   37951    1
   6120    3548    2538    5135    1
  25735   25734    8249   15589    1
  58231    5204   29895    3863    0
   7668    7668    7314     250    1
  25173   14060    6660   21176    0
  10698    3158    1216     656    0
  63724   39653   33080   25763    0
  16182       0   11790   12599    0
  26045   15632    8300    7276    0
  57061   22066   24729   39092    1
  59378       0   20917    8659    0
  34387   34386   16944   28280    1
  20022   20022    5942   15231    1
  59393   29056   40235   29308    0
  36981       0    3684   14405    0
    606      13     514     283    0
  21137   21137   12608   11792    1
   7121    7121    4183    1219    1
  10752    3565   10373   10377    1
  58295       0    3406   49870    0
  54195   35526   48679   26309    1
  36516       0    4480   24247    0
  60273   60272   23728   16031    1
  56861   14010   18893   53504    0
  36039       0   10267   18754    0
  60721    3932   55337   41970    0
  21399       0   18073   20843    0
  28233   28232    3855   15710    1
  33385   33384   25757   13672    1
  26182       0   15703    7493    0
  42772   42771   19010   17014    1
  60022   60021   35552    5433    1
   9644    7207    1054    4878    1
  38650       0   34415   37918    0
  61004    6348   50067   36884    0
  12502   10141    5319    8344    1
  20440   14433    5266   16652    1
  63549   30901   41774   26272    0
  19634    6953    5455    4709    0
  21873       0    6912   15263    0
  47123    9360   40812    8609    0
   4707    3748    3583    1744    1
  57019   38276   53621   28572    1
  13832   13416   12960   12349    1
  44163   29975   36866   35288    0
  49424   28144   26910   32566    1
  54241   37100   21695   49134    1
  29168       0   17569    1547    0
  33813    5492    7601   27045    0
  47960       0   20127   23684    0
  41025       0   21807   38366    0
   2681    2680    1387     555    1
  40683    1582   31638   38043    0
  41605   41605   33728   20695    1
   9182    9182     998    4393    1
  16849   16849    3288    2370    1
  53897   40543   46647   47409    1
  56159   56068   16422    1652    1
  33982   31444    6398     765    1
  50242       0   12445   19477    0
  27352   21805    2084    3993    1
  59100   59100   29753   11325    1
  45774   21498    3902   22056    1
  36408    8803    1796   29524    0
  10585   10584    1470    4218    1
  25250   19579   11817    8370    0
  61756   36982   15253   30100    1
  38465    4582   17243    6005    0
  29908    1747   12024    7289    0
  26537   21628    1363   15046    1
  64377   51521   52878   10233    1
  42070   23986   14299   13448    0
   1943     474    1163    1589    1
  33395   33395    2175   25570    1
  47140       0    4975      68    0
  22679   13988     634    2674    1
  45208   38078   13529   14683    1
   5216    5216    1982    3443    1
  16137       0   10095    7599    0
  62138   42747   13912    5516    0
   8644    8643     361    2523    1
  14483   10533    8371    5581    0
  21620    6346    7976    1398    0
  28187   17469   11254    6748    0
  52222       0    8876   13549    0
   8675    8674    1683    3615    1
  58754   58754   52135   54972    1
  30429       0    7037   16528    0
  52412   52412   29816   33200    1
  35654   18734   16933   35185    1
  23819   10760    6428    2573    0
  21345   18988    8253   17749    1
  49190   23731    9009    3235    0
  16776    7964   10006     853    1
  15869    1384    2999    7924    0
  26688   10420     693    9315    1
  41908   38120   25003   35089    1
  18444    1107     937    5036    0
  10138   10138    5072    4672    1
  12570    5239   12126    6938    0
   7038     788    3316    3221    0
  46047       0   43235   19535    0
  12942       0   10533    2359    0
  30431   21685   15454    8049    0
  16644       0   13620    9163    0
  50399   35517   39761   33450    0
  35677   35677   13862   34184    1
  28024   28024   17104    8025    1
  44484   24428   15572   42755    0
  59142   11849   33539   35393    1
  56019   55565    7650   45830    1
  41812   33083    8926   18694    1
  61228   61227   54528   38107    1
  25056       0    1417   24102    0
   9550    5941    7729    4945    0
  27668   27668   17920    7031    1
  45867   14612   19655   21284    1
  25815   13143   20189   18532    0
  12097   12096    1537    5492    1
  58561    2235   51516   36933    0
  44521   37328    8002    3739    0
  13602   13602    2062    4329    1
  62307   62307   58240   51841    1
  13773   12998    5814   12993    1
  12695    1679    3836    9525    0
  40918   24841   22002   40679    1
  63697   56759    5023   26508    1
  10891    7259   10479    5051    1
  17896       0   14815   10068    0
  26259   25658   25074    9766    1
  40072    6748    3761    2263    0
  58504   27118   13744   46611    0
  58068   44763    2063   17199    1
  20859    3867    1208   15391    0
    317      65      70      94    1
   1549     473    1109     274    0
  21400    6761     844   19105    0
  41315   34913   22314   25320    1
   8363    2133    8037     499    1
  34306   16064    7359   13636    1
  46961   14684   31531   36936    1
  65105   65105   50351   16436    1
  11454       0    1312    1325    0
  58311   42873   28610   40613    1
   5961    5960    3129    2134    1
  12169    6428   10448     809    1
   3787     132    1540    2184    0
  15315   15314   11333    4048    1
  31541       0    4427   13923    0
  32956   25029    2131    4306    1
  62589       0   56550   50687    0
  52370   52370    9507   51185    1
  62243   42142    1698   45570    0
   6535       0    4001     784    0
  14815   14815     207    9106    1
  10642    8120    9357    7658    0
  42501   32990    2702   10290    1
  10191    1819     621     842    1
  35632   24212   34276   26223    0
  44411    2008   32650    8784    0
  17585   17584   12624    6080    1
  17656    6071   14689    8703    0
  62678   31555   33225   30420    0
    630     309      41     161    1
  61037   61036    5551   21282    1
  56170       0   44425   30456    0
   6155    4223    4497    2359    1
  37894   37893   27489   17805    1
   3461    3460    2020    2175    1
  20100   11390   11416    2136    1
  56789   56789   34243   27060    1
  64571   56369   54848   19693    1
  30086   30086    1678   13703    1
  11218   11217   10209    2455    1
  13859       0     824    5186    0
  11917   11917    7006    1892    1
   6875       0    5509    6589    0
  18637    1255    3451    7410    0
  59210   23243   48748    9854    1
  55307   23218   48753   44117    0
  42610   42609   38207   12238    1
   1963     157     335    1078    0
   1263    1262     418      52    1
  57511   57511   38326   36975    1
  48373   48372    9626   14854    1
   6691    3235    4782    5444    1
  54438       0   34325    7588    0
  12988   12988    8112     951    1
  61573   61572   20041   41028    1
  53904   53903    6882   49492    1
  20108   20107   14284   12593    1
  24490    4247    5426    6487    1
   1821     541     137     365    1
   9106    5378    8268    8074    0
  12149       0    4610     511    0
  64756   28855   63125   31800    0
  13441    5196   12948     661    1
  28554    9747   24672   22870    0
  56462   56461    9121   27478    1
   6834    6834    6271    6184    1
  63311   18867   42761   22706    0
  14024   14023    6777    9335    1
  30528       0   16312    9574    0
  44651   26945   39648     171    1
   6095    5681    2236    1938    0
  26242   18350   23333   17723    0
  25373    8955   11664   20194    1
  39202   32023   15162   38147    1
  36167   36167   12968   12851    1
  15951   15223    8256   15935    1
  46083   19000   27969    1709    0
  32900   30724   15900   28157    1
  32808    9029   15771   31667    0
  63454   62522    6518   52955    1
  46530   46530   28816    5414    1
  46219   46218   30923   29193    1
  16895   15328    2531   16770    1
  65157   65157   40064   50588    1
  55772       0   44005    3315    0
  32816   32816    9821   15483    1
  64627   31657   28766   28852    1
  36505   13809   11912   10077    0
  49781       0   42950   28234    0
  36069       0   27898    2709    0
  47270   39264   43714   23714    1
  57125    8031     991   16973    0
  59656   28183    7807   32227    1
  23106   23105    8474   15262    1
  56352   56352   18755   31475    1
   2340       0    1368    2008    0
  43799   20672   26613    8872    0
   4346    1485    3069    3758    1
   2594    1882    1095     568    0
  49323   19370   11912   32813    0
  64141       0    1300   59075    0
  22878   14977   22215    5428    1
  19987   10957    7219   14262    1
  27164       0   19771   19848    0
  29881   29880   28844    4355    1
  43002   43001    7632   40483    1
  58278       0    1139   28112    0
  26581    5815   12492   10066    0
  20085    9250   12274   12781    1
  21085   21085   18953    6386    1
  38262   38261    9545   12465    1
  53180   53166   44681    1133    1
    449     371     422     163    1
   8000    2646    6609    5765    0
  41056   41056   31766   31304    1
  25297   10409    4238    1488    0
  61257   32458   15730   38092    1
  11016   10926    2853    5226    1
  14424    4684   11845    9621    0
  13732   13731   11473    5667    1
  19125   19125   14378   18127    1
  10742   10741    1632     893    1
  35836       0   27529    2530    0
  36288   10808   33035   29730    0
  37410    8870   11795   17337    1
  34008   19013    8875   31571    0
   2520       0    1586    1379    0
  42153   24827   13427    2861    0
  26145      36    9444   21316    0
   7452    2665    7250    1556    1
   1041     942      16     474    1
  11080    2236    7572    7753    1
  50858   50858   20436   21018    1
  12310       0    9431    9351    0
    281     280      68      77    1
   1011     823     129     599    1
  31992   27202   30894    5709    1
  37788       0   31750    1639    0
  26738   25378     946    5932    1
  60648   51542   18634   30171    1
  23424    3700   20663    7752    0
  51575    4365    8973   35522    0
  20597   13325   12617    4012    1
  43715   21597   23271   28994    1
  34055   16622   12138    2574    0
  41516       0   25339   28347    0
  56925    9208    6463    5355    0
   1039       0     483     565    0
  41756       0    4719   23854    0
  16816       0    3634    9817    0
  38037   38036   17019   37690    1
  13571     552   10511    9318    0
  14954       0    4427    8434    0
  35967   35967   11193   10600    1
  54519   46323   12802    8437    0
  46954   41776   36271   19384    1
  47535   17076    8844   28011    0
  22671   22670   16488    4055    1
  62860   41111   59853   36979    1
   4437    1859    1777    2835    1
  48245    4517    2682   10618    0
  19914       0    2087   12887    0
  31489   31488   18901   10643    1
  41495   41494   20205   26375    1
  29365       0    9580   20283    0
  45759   14701   33673    6518    0
  12611   12611     631    4532    1
  45212       0   27550   16122    0
  46598   26832   26296   26278    0
  57682   29720   36910   24594    0
   6115    5453    3738    1692    1
  31466   12758   13655    3323    0
  44430    8648   32945    3012    0
  10846    8532    2056    6901    1
  35452   10380   18653   22686    1
  24006   10436   20560   21247    1
   4916    4915     160    2923    1
  16860    8357   15730    3464    1
  50096    7208    5814   39100    0
  28649   10041    5712   16278    0
  59405       0   34872       5    0
  52566   41878   26984   47319    1
  63427   53951   53785   26825    1
   7482    7482    1999     405    1
  42194   42194   13134   12674    1
   5231    5231    4670    1300    1
  24185   16787   21983   16765    0
   4019    1735    2235    1248    0
  11595       0    9057    4794    0
  56287    9373    3461   28741    0
  49762   49762   20423   41416    1
   4691    2353     501    2624    1
  52826       0   46701   26800    0
  26532   26532    4866    8562    1
  47524   16276   38869   11399    0
  23188    5923    9433    5351    0
  39492   37262   28557   29262    1
  35706   23797   26023   29063    1
  34813   20684   20791   20357    0
  13308   11508    6479    4094    1
  21147    1838   11469    7513    0
  51119    4749   42093   21181    0
  57072   32024   34920   39771    1
   6393       0     559    3914    0
   7285    4853    3953    2826    0
  18800   14709   15935    3511    1
  59064   57309   49923   42855    1
  36636   31396    8307   31483    1
  34407    7569   31441   32272    1
  44518   15274   33853    7536    0
  44065    4293   41607   41530    0
  27123    7390   23832      85    1
  62282    1263    2151   16419    0
  24969   15776   10674    8256    0
  33623   33622   25560   20500    1
  24286   13731    5053    5770    1
  29687    6918   20066   19942    0
  52477   52476   48312   49750    1
  15299   10764   10457   14106    1
  58130   58130   46019   52051    1
  48813       0   28527   14090    0
  53134   41150    3531   46420    0
  39494    7359   20836   30823    0
  26256    4002   10411   19440    0
  38980   38979   28426   23462    1
  17202    4038   16745    3751    0
  35732   35731   31257    8821    1
  28652   22595   10808     544    1
   3327       0    3285    1487    0
  29118       0   13891   24679    0
  51067   51067   35203   22406    1
  34895       0   18541   22442    0
  11604    6405    9533    5316    0
  64137   64136   21520   27295    1
   8939    4725    1461     664    0
  61780   17203   45693   31110    0
  31100   31100    5515    1723    1
  11666    8818    4198    4829    1
  56960       0   27121    5083    0
  56692   56691   32278     113    1
   1741       0     871     704    0
  31497       0   27504   16928    0
  48494   48494    8233   25007    1
  28069       0    6491   24019    0
  49967       0   35775   33138    0
  59208    1622   23851   22077    0
   6443    6399    3124    2614    1
   4063    1850    3641    3194    0
  10606    8018     787    6903    1
  35604   35604   19133   26159    1
  54096    8457   27866   40415    0
  24576   17079   21761    4242    1
  64845    8242   62882   20798    0
    686       0     637     292    0
  16311       0    1429   14354    0
  21678   15530    3644   13303    1
  56278       0   48889   21078    0
  25525   14221   24171   20484    0
  59453   14735   52297   32600    0
  32796   25592    4909   18071    1
  28561    3546    8062   10637    1
  56465   49879      35   15815    1
  17888   17888   10169    2079    1
   1248     135     770     257    0
  45760   45760   16332   25742    1
  11130    6050    5568    7293    1
   8586       0    2244    8079    0
  64488   64487    5976   40297    1
  33462   16564    7639   32090    0
  59663       0   45926   35083    0
  21853       0   21184   21283    0
  54230    5395   22832   35638    0
  53055   53055   11134   10471    1
  20903    2884    4147   20095    0
  45575   25285   13914   19593    1
   1162    1162    1092     340    1
  19965   19964    7377     521    1
  50664    4245   37635   21811    0
  32032   32032   12350   20398    1
  14559   14559     709    1127    1
  20873    5845   15493   18673    1
  25761    7783    5462   15274    0
   5945    5945     769    4905    1
  15659    3805    8706    1354    0
  25140   24508   22731    3503    1
  63622   26399    6992    7410    1
   8159       0    3266    6015    0
  27210   27210   21292   25953    1
  46438   34966   35007    6010    1
  33288   15987    2071   16964    1
   9962    8933    5297    7468    1
   5386     587    2277    4796    0
  11693   11511    9747    3038    1
  63499   13036   18807   25226    1
  29411   26194    3956    8592    1
   8613    7943    5876    4908    1
   7697     737     984    3432    0
     65      65      30      17    1
  59049   52680   44943   46898    1
  18698      93    4211   17452    0
  45268   19180   26712    5211    0
  28117   25669    5337    5565    1
   3010    2600    2675     442    1
  55428   16048   11763   19885    1
  34881    6878    8945   24133    0
   4547    4426     662    3112    1
  65480   60020    4362    3186    0
  53042   53041   20204   20948    1
  31662    6600   13401    6592    0
  13148     812    4689    1244    0
  13110   10911   10494    7153    1
  39197   28638   27714    8059    1
  13798   13798   10242    3552    1
  45912   19810   11832   32331    0
   3400    3122     354    1731    1
  10847    9477    4348    1995    1
  50975   20105   23694   33363    1
  14526    6683    7579    3480    0
  21830    7641    6733   15887    0
   5069    2947    4720    3925    0
  38266   38266   16678   38008    1
  30680   23573     938    3591    1
  41443    3657    7107   27247    0
  59617   52069   31349   23906    0
  63639       0   36947   18138    0
  17626   17329    9806    9790    0
  38261   38261   31749   29804    1
  38619    1861   21892   36350    0
  58459       0    1171   54263    0
  62829   51572   26703   47643    1
  46843    3999    8929   20695    0
  47701   36038   28010    6054    1
  13671    1112    9578   11690    0
  54399    8922   37510   36688    0
  55023    5744   17070   30777    0
   5475    3921    5260    5118    0
  43796   30420    9168   18391    1
   6328       0     709    2507    0
  56865    6096   50477    7657    0
  59427    3455   41774   45586    0
  59989    4639   39683   49847    0
  40699   28406   32709   30222    0
  19355   11315   13542   13052    0
  61067   60251   40183   17789    1
  27098   27097    9396   14104    1
  48597   48596   35640   46649    1
  45252   45252    6434   12686    1
  33036    1637   28492   12832    0
  11992       0    4952    1368    0
  53190       0   25948   50121    0
   1228      44     688    1054    0
  36552   34191   31759    3591    1
  11662   10328    4239    1104    1
  36095   17096   13090    7545    0
  32460   32459   21439   18505    1
  63976   63976   43360   17170    1
  57137       0   55482    6126    0
  12027       0    3725    6479    0
  58599   33151   53819   23157    1
   9860    2596    8177    4055    0
   6851    6851    4371    4655    1
  26482   15235    7328    5121    0
  49651   23178   15031   18333    1
  47935   29883   17117   44197    1
  51398   13075   20632    8171    0
  23570       0    3361   16680    0
  40587   34636   31759   33141    1
  21910   20761     175   15146    1
  19972   14313   15453   13231    0
  27539       0    4361   23758    0
  45388   45176   40139    8992    1
  56568   40658    5492   28275    1
  25237   23730   17678   15007    1
  40902    3804   11374   13067    1
  11725   11724    2621   10271    1
  46928   31121   39949   21594    1
  33000    5222     578    2860    1
  21247    4741    8390    6295    0
  50188   26308    4041   27654    1
  15470    3843    2524    9464    0
  21120   21120   14355   15555    1
  54144   39530   21776   17517    0
  63320       0   60030   46633    0
  22815   18123   21848    5445    1
  54547   48668   30604   14011    1
  23011    5685    8036   14346    0
  29982   10615   21925     144    1
   8836    8836     524    3851    1
  21674   21674   20942   19762    1
  57160   39250    3017   16837    1
  18374   18374   12190   10594    1
  29832   12551   28867    1926    1
  40511   30551   29585   18752    1
  25089   24268    5238   20367    1
  53186   48044      58   34159    1
  12836    5388   11609    7693    0
  63308   63307   20389    7799    1
  27679    9668   19877   20177    1
  62960   50305   47693   43977    0
  33135   24046   32631   23861    0
  59363   59363   17591    4671    1
  14368    3250     627   14292    0
  13597   13597   10520   10537    1
  19828   19827    7049    2368    1
  35729       0   12881   11472    0
  45153   45152   17098    8216    1
  27754   17129   20143   10585    0
  63739    8645    9518   60548    0
  63964   63964   41687   50227    1
  39380    3447   28327   37555    0
  27224   27223   21684    2188    1
  11712   11711    5709    8870    1
  30365    1657   28925   11882    0
  33468       0    4769   29452    0
  53127   53127   15222   27279    1
  13664   11164    9348    7000    0
  34811   27544    5418   32442    1
  63217   16414    6966   43632    0
  34308   34308   26906   14770    1
  26719   26719   16070   20132    1
   1894    1576     800    1163    1
  45232   39520    3995   29091    1
  45351       0   32938   36450    0
  64503   11205   58914   35647    0
   9171    1236    4429    8376    0
  13390   13390    6613    9142    1
  12085   12084    6042    7208    1
    769     325      56     158    1
   8280    8279    7893    6404    1
  15509    9602   14783    7119    1
   5143       0    4286     592    0
  54118    5641    4603   45991    0
  48614       0   23509   10068    0
  41055   14409   38318   20936    0
  43170   26094   20960   10964    0
  20082   15538     219   10450    1
  32194   17800   19292   15501    0
  15118       0    4125   14822    0
  42232   42231   25983    7355    1
   4664     328    4584    2160    0
  48505    3864   46680    7850    0
   1875    1874    1060     432    1
  64360   25272   21148   44074    1
  45685   45685   14713   39188    1
  25266   21591    6367     451    1
  28178   23333   19990    7409    1
  30047   29747    6509   29065    1
  39764   39353   11206   22284    1
  38299   20638   12491   15191    1
  20243   10631   11747   13255    1
   2594    2594     637     189    1
  33378   32029   13782   30249    1
  58405   44231   10262   54477    1
  12124   11426     251    2046    1
  46959   36328    8164   46042    0
  42341       0    9439   31309    0
  43365   35252   33941   29357    0
  11322   11322   10275    3062    1
  30692       0   23097    1233    0
  22023   13983   16428   15776    0
  48648       0   35491   44985    0
  39233     116   34988   28291    0
  15329       0    7173    6977    0
  49577   49577   38147   21473    1
  48359    9217    3497   28948    0
  17972       0    7085    3785    0
  43237   41354   35968    7529    1
  34900   34900   30453   24435    1
  59235    4154   14480   56888    0
  17759   12658    1827   16218    0
  17838   17838    8493    3712    1
  40205   35859    5598   26895    1
  23750       0    3701   21251    0
  36214   30108   18193   35717    1
  10136       0    8220    7866    0
  20336    4844   10521   15907    0
  58558   23910   24105   21991    0
  27011   27010   17562   17407    1
  59482   21797   24178   16921    0
   5178     899    1345    1812    1
  52414   17491   13986   40780    0
  55361   40832   40813   46828    1
  19505       0   17876   12701    0
  10445    2833    6024    3893    0
   7018    1841    1335    1221    0
  24052       0   14014   18911    0
  62748       0    7266   46895    0
  59193   39362   23373   21235    0
  17597       0   11721   14415    0
  44735   44734   19272   13654    1
  60517   54521   51703    5994    1
  10028    9279     141    1098    1
  38090   36211      34      88    1
   4955    3368    1209    3454    1
   7199    7199    6414    3785    1
  48125   39619   13041   22057    1
  38136    2183   16549   11058    0
  19756       0    7803     997    0
  57715     314    7530   38362    0
  25292    5461   12200   13786    1
  48829   48829   11065   19235    1
  10158       0    9799    8834    0
  14704   12131    4733    1878    1
  11814   11814    9187    6180    1
   8054     394    5242    6825    0
  29034    3041   20691    7699    0
  11200     704    1723     367    0
   5952       0    4138    1179    0
  28382       0    5770   21269    0
  32789   32789   12093    3651    1
    183     183     115      56    1
  51312       0   47113    2944    0
   4698    4697    3353     111    1
  36362   19111    3736   10887    1
  42039   36550   40394   34497    1
  10812     501    4987    1072    0
  35975   10407   24687   31229    1
  64646   12884   33766   24346    0
  62659   62659   38704   14719    1
  40204   40204   27710    9306    1
  29088   29087    3902   18058    1
  38139   38139    1210   10316    1
   2998    1075     461    2942    0
  51464   31211   38859   13465    1
  20801      89   14966    2544    0
  25100   24577   24744    3569    1
  39204       0   14007   18032    0
  24326   20226   15753   17678    1
  40514   40513   30598   23732    1
    674       3     339     557    0
  53503   53503    9930   16212    1
  10509    9486    4897    6857    1
  64561   64561   21348   60687    1
  41863       0    7902   28754    0
  18420    5351   18251     516    1
  10646    1878    9036    1218    0
  46452    4049   26903    8546    0
  27693   14963   24157   17047    0
  32088   17379    1901   26313    0
  58694   35520   33614    3362    1
  34618   26305   32575   12068    1
  25647   25646      88   12421    1
  33927   25185   14106   22646    1
  27726       0     149   18745    0
   3324    1952     582    1568    1
  37804   10352   22062   29604    1
  56112   45724    9551   19628    1
  48156     702   32868   13842    0
  59645       0   46263   42747    0
  59351   54732   34849   48479    1
  35889   11130   20381    2776    0
   9516     600    8713    1452    0
  38083   11568   17137   21392    1
  34328   33848   15177   16774    1
  24652   15594   10925   21818    1
  31834   29535    4366   15963    1
    333     140     228      91    0
  49155       0   11003    3412    0
  56589   26229   34024   46043    1
  14341       0    4283    8982    0
  63631   36363   59852   36569    0
  27274   27273    8091    1049    1
    704     252     436     378    0
  30822       0   13772    9759    0
  41488   12857   15690    8499    0
   4130    4130    2177    2938    1
  23567   23567   12573    6190    1
  57097   57096    9782    4556    1
  30424   30424   23497   16614    1
  49824   48959   37301   36888    0
   7542    7542     787    4161    1
  50188     145   48010    5937    0
  15038    9956    1478    9822    1
  28787   12979    2557   18045    0
  64742   45969    6692   23005    1
  57714   57714   16946   34495    1
  27231    4739   13360   24659    0
  10300    1490    2790    3957    1
   9379    9379     817    1728    1
  57862   40955   32233   16474    0
  30440   30440   24362   20622    1
  10153    2604    6619    5442    0
  28692   28692   18312   15956    1
  12731    6402    1142    1108    0
  20406   20406     843   13319    1
  44378   31387   35023    9403    1
  16929    9494    1874    9510    1
  28124   28124   18127   17260    1
  49630     133   42376   36263    0
  58027   58027   11890   10314    1
  62128   14373   45281   13378    0
  61276   23405   46841    2838    1
   5485    3954    5029     156    1
  56255   39783    5796   37317    1
  50169   50169   13656   30334    1
  22292   13760   13199    8971    0
  48969   48969    3055   21220    1
  60999    8781   48336   49940    1
  58768   58767   40791    9902    1
   7447      46    6917    3280    0
  61320   10308   19752    8745    0
   7093    3613    6701    2925    1
  16804   11216   12953    1891    1
  56235   56235   25891   26738    1
  41649   35098   22100   17544    0
  23130   23129   16772    6452    1
  37952   37951   26665   34179    1
  46710    9631    6924   29302    0
  34158    2134    7933    4439    0
  33226   33226   10105    6981    1
  65042    6399   55326   57194    1
  35928   35927   30264    9138    1
  21275       0   11588   13856    0
   4514       0    3997    3917    0
   6867    6867     266    4847    1
  30078   27441   17709    6995    1
  53944   53943   30024   19226    1
  51092    6865   47201   42372    0
  16087   16087    9081   12898    1
  20204   20204    7088   19447    1
   8075    1425    5221     559    0
  41423   41423   28405    1305    1
  23581       0    8226   16771    0
  58915       0   49901   38959    0
  63744   32239   53420   10244    1
  10864    2368    2243     476    0
  26478    5944    7790   21630    0
  50549   10307   47967   46488    0
  62387   43305   40886   27340    0
  30589   15404   22994    8331    0
  39798    9629    3911    2192    0
  43706   12388    3295   42274    0
  60532   26088   48396     253    1
   4594    3384    1930    2034    1
   1751     957     296    1474    0
  55646   45550   53337   46173    0
  64170   61082   52259   38683    1
  20708    2891   13412   18307    0
  59973   37579   28550   39320    1
  35521   35520   25504   33924    1
  54394   54099   43609   35127    1
  61545    9626   18218   58381    0
  28202    7210   24941   10368    0
  21190   14619     477   10663    1
  47370    7607    4304   41825    0
  31333       0   17513   11843    0
  35570    9625    7172    4252    0
  48070    8866   17001   17717    1
  11246    4138    4032    8036    1
   3936    3935    2184    1176    1
   8005    1661    7285    1763    0
  31078    9047   14071   14364    1
  32083   32082   30276   18829    1
  34301   34301    9034   27560    1
  31382       0   27459   18164    0
  37231     306   26169    5147    0
  46038   43689   43697   33570    1
  53536   28441   41652   40199    0
  58181   45923    3933   49239    1
  21441   15704   17781   11023    1
  38953   38952   31374   25659    1
  51145       0   42886   17007    0
  47790   28387   30222   14183    0
  56228   19281   10106   46239    0
  55500   50536   52655   24417    1
   2293       0     719    1613    0
   4825    4825    1458    2851    1
  29348   29348    7776   18859    1
  34598   25481   33276    9998    1
   1695    1695    1216     182    1
  41403   12218   15572   30763    0
  60773       0   59693   21913    0
  35532    4512   22560   13912    0
  19927    4761     963    6585    0
  24488   16733   20525   23598    1
  36618   35306   30411   25790    1
  27552   27552   16919   20070    1
  27707   27706   21054    4539    1
  20434   20433    2178    3525    1
  47257   10251   42048   14499    0
  44915   28980      67   24183    1
  48938    3422   18635   20618    1
  11512    5044    2076    1116    0
   3282    3281    2323    1171    1
  53455   34381   31966   47647    1
   8576    8575    3347    2212    1
  25298   25298   22603   13637    1
  44290   44289   44033   32874    1
  31627   26972    6498   28953    1
   5553     601    3448     587    0
  18829   11560   14802   15943    1
  18927   16986   11683   18213    1
  64829   47040   30743   34965    1
  15395    7422    5661    3034    0
  53380    8828   29791   47246    0
  23215    9822   11730    7616    0
  19914   18457    6075    9205    1
  42445   39640    7688   22280    1
  63929    1969   62548    8802    0
  64385   64384   44435   55602    1
  55281    6785   12007    4575    0
  10301   10301    6874    8670    1
  28832   28832   21293    7177    1
  61844   17607   37219    4027    0
  19047       0    9786   11059    0
   4453    3760    3359    3840    1
  43907    9808   11314   24035    0
  58152   30995   15368   32430    1
   8268    5193    7185    6958    0
   1215       0     812     184    0
  14112   14112   13231    7966    1
  45099   15533    5831   41643    0
  64161   27641   13591    9119    0
  25191     744   20614   13140    0
  17285   17284   16329     371    1
  11927    9110     627    8997    1
  15346   15346   10587   10681    1
  43173   37952    3376   40257    1
     42       1      18      19    0
  38654       0   36729    9847    0
  54411   22761   28099   15598    0
  45562       0    5968   11479    0
   3565     964     455    2398    0
   8603    8602    5446    1102    1
   2706    2570    2052    1517    1
  41347   33167   23470   36930    1
  53628    9664   36231   35568    0
  27334    2819   23362   13203    0
  26655   26655   26039    7210    1
  55293   55293   19637   16055    1
   9746    9746    1173    2794    1
  50601   50601   22834    3450    1
  18447       0    3417   11080    0
  15695     854   13064    1507    0
  40800       0    9430   26794    0
  14822       0    9422    4490    0
   5276    5275    1824    2316    1
  42792   42791   10543    1632    1
  59188   33428   18252   39996    1
  13563   13145    6662   12789    1
  32752   29489   19303   22298    1
  52770       0    4125    7726    0
  65460    5795   36604   52082    0
  28214   28214    5093   23203    1
  20164    9154   20083   18317    0
  39291   36537   15531    1395    1
  26123   26122   24168   14684    1
  64370   27470   30925   22040    0
  37688    8882    8567   18468    0
  44112       0   13831   39736    0
  25812       0   13041    1648    0
  25367   11110   14121    2636    0
  19187   19187   15382   13888    1
  31811   31811   22533     942    1
   4511    3508    2594    2949    1
  34991   33756   34936   32027    1
   2753     334    1596    1287    0
  50410   50410   39042   18706    1
   7295    2515    2329     180    0
  17589    1070   10634    5640    0
  27205       0   10258    7928    0
   5917    2502    3686    5787    1
  12138       0   11186   10829    0
  39603   39603    4377   28213    1
  63564   33538   31411   45844    1
  46296   36324   17990   14880    0
  41569   41568   17205    4962    1
  20003   18432    9102   14769    1
  48052   48052   35731   20061    1
  15828      76    3418   12779    0
  64083   25773   38461   53131    1
  64083       0   54993   20558    0
  60154   51917   36472   36389    0
  34061   21023   21863    2894    1
  33354    4204    9415   15985    0
  47674   44416   39529   12595    1
  19021   19021    9303   13250    1
  21780   21780    7222    5766    1
  24162   24162    3596    7500    1
  60080    7680   26456   38948    0
   4207    3255    2066    2169    1
  28420   28420   22670   11909    1
  27800   16514   18638   11935    0
  61338   61337   53917   12492    1
  57777    7134   35039   31794    0
   6863       0    1068    6252    0
  52123   14035     556   36892    0
  52509   18769   20846    2096    0
  22770       0   17817   19988    0
  42297   23961   34407   32279    0
  36210       0   32094    2245    0
  34163    7620   31777   23609    0
  30361   30361    8909    8054    1
  57627   39658    2739   28371    1
  25751   25751   14084   13547    1
   8798    3943    7396    2021    1
  17933    2234    6898    4179    0
  53567   53566   27600   21176    1
  34985    9377   21002    3600    0
  23515   19237   14665   20284    1
  36425    6892   20186    3078    0
  14407   10547      70    5398    1
   7851    4865    6937    7153    1
  20312    2065    6471   15659    0
  36159   35318     724   27459    1
  47168   22866   25755    2422    0
  15131    2824    1121    4618    0
  60425   30007   13131   56483    0
  32748    9516    3553    5399    1
  41870   41870   32954   12758    1
  64510   64509   53962    5045    1
  35747       0   25950   27264    0
  58907    3907    8401   33114    0
  39778    8886   38030     330    1
  57429   56029   29366   57079    1
  20254   10238    4477   16626    0
  36520   16698   26227   15777    0
  31037   12294   25115   16580    0
   3651    2077    1175     176    0
  19482   11130   12057    8588    0
   4499    4499    1416    2562    1
  46083   25133    8096   24635    1
  31083   31083    3339    1919    1
  29926       0     614    1869    0
  58503   27168   25861   52536    1
  56670   44248   35755   48985    1
  27113   22713   23939    5603    1
  23179    4869    3783   19523    0
  33681   26515   18083   14400    0
  54209   33438   22396    6218    0
   2668    1172    1230    1405    1
  22433   22432   14619    9191    1
  12102   12102     203    1941    1
  58713    6795    4221   24117    0
  56053   56053    9312   29505    1
  23385   23385   18844   12076    1
   5753    5752    2665    3566    1
  16869   13621    2052   15678    0
  48587       0   26177   28039    0
  34186   34186    5454   27212    1
  16931    4727   10187    2591    0
  51109       0   40998   30262    0
  50093   41439     832     161    0
  17525       0   16858    2759    0
   3854    3742    1203    2744    1
  32053   32052   14917   24867    1
  46125   17275   40716   31316    0
  13077    3259    6965    3699    0
  29073   29072     278   28799    1
  24838    1295    8911    8178    0
   4524    2974    1620      82    0
  52201    1931   48446   45971    0
  34744   24137   13231    5810    0
  46015   46014   23986   15755    1
  43413      68   18183   32359    0
  10933   10932   10238    1857    1
  51896   51896   33882    9187    1
  63456   63456    4438   48194    1
  44683       0   38151    8064    0
  11827   11826    3713   11473    1
  49141   23722    1910   39906    0
  36493       0   29414    9460    0
  56761   11618   29526   43745    0
  17475   17474    6125    3339    1
  55647    4768    7553    3932    0
  51130   51129   50043   30969    1
  15868   15867    3365    1567    1
  42804    1182    3421   41208    0
  11017   11017    1842     804    1
  24458   18487   23918   13265    1
  19479   19478   17871    7599    1
   6348    6347    1589     834    1
  29762   19362    1148    1804    1
  48294   26409    7989   12926    1
  16961    5896    9173   16295    0
  60861   60861   32537    9479    1
   8221    4771    1082    4991    1
   2619    2010     949    1761    1
  14610   14610   10847    9185    1
  62552   61183   12501   43936    1
  19871   19870    9608   11962    1
  24624       0    4309   10274    0
  56780   56780   10173   54349    1
  17567    9450    5080     695    0
  16687   16687    1299   12727    1
  35685       0   28465   12260    0
  33826   23585   10301    6453    0
  50620   50620   31876    2624    1
  44715   44714   32377   37695    1
  16231   14044    8933    1964    1
  13258    9043    4797    6844    1
  25189    7727    8880   22015    0
   8705    8705    7009    2666    1
  14072       0   12889   12209    0
  62505   55621   39992   54780    1
   6901     231    4004    4541    0
  19059    9086   15312   12264    0
  13252    7646   12555   10719    0
   7066       0    4878    1242    0
  47284   47284   30294   31335    1
  29037   21385   22294   13288    1
  61613    2122    9045   25090    0
  39741   10734   32513   13629    0
  51769   16501   13591   28939    1
  34856    1835   19411   20793    1
  11817   11013    2510     703    1
  22740   17843   19410   20954    1
  42018       0   30888   21395    0
  60863       0    4671   35118    0
  28931    6935   21623    2066    0
   9944    9944    3316    8857    1
  62500   60824    7066   34623    1
    966     965     945     763    1
  47484   47484   36821    6896    1
  23696       0    6403   19342    0
  54826   31203   15391   52768    0
  49808   31742    7564   28347    1
  16347   15812    4676    1273    1
  22575    4985    7134   18120    0
  59915   44649   15114   51433    1
    480     479     201     402    1
  51654     884   38191   28834    0
  31280       0   18873   27938    0
  23968    6451   22121    8295    0
  25193   25193   20900   16267    1
  52016   10845   23989   15976    0
   8773       0    4089     570    0
  10002    7963    7477    6637    0
  23281   22200   18029    7429    1
  47087   25151   46211   23914    1
  13680    8067    4459    7739    1
  22206     550   21341   11562    0
   8564    2478    8340    6341    0
  51009   42254   43319    4694    1
    970     970     412     197    1
   9464    9464     302    6688    1
  13072   13047    1141    9196    1
  28224   28224    6153   22116    1
  29286    9525   12505    2722    0
  40519   40519   17563   21564    1
  13394    3614    4143     660    0
  48016       0   43530    8185    0
  38880   31560    2026   23650    1
   9183    3813    4190    5461    1
  47953   41767   15441   35094    1
  57062       0   38592   18366    0
  16870    4502    5088    4747    0
  55007   14156   14830   32565    0
  36978       0   31287   15410    0
  52203   23259   34506   21504    0
   4398    3261     416     889    1
  56218   47365   54799   21402    1
   1855     397     812      84    0
  47093   20436   22355    4630    0
  53940    7781   29457   49902    0
  20834   20834   15891     499    1
  12557    1417   12398   11431    0
  63669   46731   14669    6176    0
  14198   11797    4637   12330    1
  22922   17187    2751   10383    1
  60219   35275   25787   52733    1
  15267    2246   14322    5370    0
  46531    1262    2692   24674    0
   2455     415     178     852    0
  62765   16946   50192   33872    0
  38185   19268   36504    6670    1
  34259    9330   15951     700    0
  53769   19053   11526   12494    1
  47063    8696   31011   18448    0
  41684   17575     477    2781    1
  17846   17845   13576    3851    1
  34419   26149   32342     162    1
  49822   32859   27289   36979    1
  19167   17397   15606   16293    1
  15197   10595    2008   13699    0
  28567       0   22774    7241    0
  15405    8364   10270    3766    0
  22045   22045   20685   17121    1
  53059       0   12901   33921    0
  59226     558   19647   53898    0
  65252   55468   40858   46421    1
  61390   17768    2901   43750    0
  24441   22770   19516   17469    1
  27882   14529    5758   16317    1
  32209   32208    1812   26435    1
   5964    5964    4112    4684    1
  17556   17020   13282   11228    1
  42353   27855    6277   32731    1
  28033   28033   26772    2158    1
  38009    6031   31432   29051    0
  43343       0    2894    7479    0
    396     395      17      10    1
  45063   32550   37608    8533    1
  16617    6796    5731    5026    0
  56013   35921   34353   18121    0
  11944     929   11893    8698    0
  10228    7356    3042    6071    1
  42786    9775   36552   19380    0
  40960   40960   14854   16996    1
  20791   20790    3600   20427    1
  58058   44023   12051   50428    1
  16453   16453   12871   14009    1
  42305   42304   40304    2960    1
  37542   12558   30883     474    1
   8758    1891    7667    6400    0
  23591   23260    6541    6151    1
   2213      28    1655    1632    0
  23729   21084   11382   14288    1
  39717   16190   33395   33943    1
  38348       0   34028   21093    0
  52204   52203    3038   45057    1
  64288   36915   37727   48099    1
   8615    1573    5983    3625    0
   4396     457    1772    3528    0
  14284    9338    2183     940    0
  58621   45701   45410    8515    1
  23797   18865    4932    7831    1
  31436   31436    3898   20150    1
   8963    8962    3948    7025    1
  22880    1455    3908   21003    0
  40784   37201   34635   11301    1
  46115   46115   43981   36041    1
  53424   43590   45065   51430    1
  32607   32607    7223   12931    1
  57255   57255   37661   49035    1
  56300    4291   41933   13642    0
   2898    1478    1994     565    1
  25401    1450   13705   22176    0
  35992    1010   20673    7555    0
  22241   13940    6742   17809    1
  11543   11542    9250    1830    1
  56310   49945   52889   22240    1
  38789   38788   35938   33591    1
  48463     751    8255   11145    0
  47671   15939   19658    4018    0
  38621   27027   22089    8957    1
  36244       0   11221   27672    0
  58147   55940   51728   25774    1
  15785    5310    2166    6448    1
  53733   47629   19608   18376    0
  48830   48830   31490    2163    1
  33466   23184   17951   21559    1
  47923       0   15310   46908    0
    412     356     122     389    1
  54746   54746    2713   32678    1
   2662    2321    1980     566    1
  59786   59785   16612   47453    1
  30292   15932     326   11723    1
   1605    1605    1067     341    1
  12193   12193    7348    5052    1
  59211   28913   17640   43719    1
  48379   23827   32397   11001    0
  45508       0   37820   33042    0
  49220   35938   41448    8627    1
  50218     636   29469   41770    0
   6862    6862    5892    3154    1
  11297    9472    2738    7686    1
   6984       0    6031     773    0
   4027    2904     654     325    0
  60750   46077    3275   55708    0
  55406   11081    6662   33378    0
   4751    1548    2303    4587    0
  44153       0   18540    2343    0
   2214    2094    1457    2128    1
  27884   21094     299   14570    1
  51196   51196   25015   19926    1
   1792     496    1308    1380    1
  63328       0   20640   58937    0
  10816    9652    1688    7613    1
  10097   10097    9707     309    1
  27144   27144   12077    4673    1
  14774    7168   11979   10019    0
  60049   60048   42169   39433    1
  24112       0   20339   13341    0
  30473   16382   29587   14291    1
  55029   49244   31996    3192    1
  56275       0   39130   45300    0
  28591   28591   26927   16745    1
    556     555     511     502    1
  23291   23290   14928    4088    1
  59190   59189   15386   25014    1
  38536   38536    5523   21230    1
  34938   16020    3937   15209    1
  62920   37805   18035    9875    0
  62147   62147   31042    6887    1
  45806   13525   33251   34774    1
  22031   13768    3242   20396    0
   1079    1078     711    1055    1
  22235    3285    3718   11513    0
  52918   31555   27402   44100    1
  33948   28251    5594   11593    1
  31227   21805   21660    3327    1
   2841    2841    1717     947    1
  64715   30618   21588   37448    1
  16491    7801    1486   14618    0
  14287    9274    2075   11957    0
  52431   48917   46246   45665    0
  64879   52163   51741   18439    1
  26449   21205    9553   26173    1
  38779   38779    1733   30353    1
  19519       0   10266    8500    0
  64879   12622   54766    3795    0
  46934   32782   24670   19595    0
  52644       0   36644   43224    0
   7734    6015    2828    4068    1
  22136    2169    9605    1867    0
  32223   24434   27132   28648    1
  33436       0    9289   11212    0
  64117   64116   41351   28789    1
  14768   14768    5189    3769    1
  47613   44940   22603   39287    1
  28544   10498   13005   26184    0
  10526    1418    9281     239    0
  16502    5114     868   12065    0
  58586   32190   36743   37446    1
  27561       0   25193   11560    0
  58860       0    8792   20448    0
  17980    1736    8026    7899    0
   9894    3030    8575     565    1
  22630   12433    2842   11238    1
  23148       0    3414   17848    0
  39565   30166   36065   37219    1
  48040   13211   20322   44272    0
  11179    5279    8082    2627    0
  62650   43732   24768    7205    0
  18466   18276    2381    7140    1
  42405   12118    3105   11247    1
  52926    1457   11107   37178    0
  16589    8524   15988   10804    0
  53454   41948   24993   22394    0
  29531     438   14474    6515    0
  58759   11539   35253   40623    1
  25009   16619   12397   12981    1
  54222    4679   36881   44580    0
   1456    1456     404    1310    1
  11485       0    6929    5315    0
  15797    3006   11829    3126    0
   1613     563    1001    1204    1
   5432       0    4107    3530    0
  64413   64412   17925   37910    1
  42222   42222   41987   40978    1
  14138    8958    4733    8538    1
    134     133      55      11    1
  24587       0   22269    6761    0
   1511    1053     497      35    1
   8701    8701    5739    2659    1
  16426   13495   15940    2376    1
  20003       0   18249      19    0
  38254   17178    8547   17851    1
  56966   56966   37643    4060    1
  46572   28988   42207   22114    1
  37995       0   32040   33138    0
  35355   17471    3831    8882    1
  56461    5581   10221   21113    0
  50684   48956   15466    4670    1
  54071   15729    6313   28834    0
  19990   19990    3626    6318    1
  15815   14352    4363    1003    1
   4903    4902    2149    1696    1
  25283       0   17656   12421    0
  17432    4459   11187    5053    0
  30366     728   15109     849    0
  15251       0    4235   12718    0
  61908   61907   18511   60881    1
  32422   32422    9326   26274    1
  64166   45419   33567   28160    0
  26216    7692   17879   12158    0
  12059    2396    5194     821    0
  34646   34646   12644    4887    1
  65229       0   31796   21241    0
  63804   60500   40327   12021    1
  18131   18130   15058   12995    1
  34240   27487   29658    8885    1
  18703   18703   16833    6382    1
  26794   21794    9024   17958    1
  64814   64814   22634   32282    1
  42986   42985    1177   20634    1
   1555    1555     701     723    1
  47049   47048   26114   45550    1
  42985    8011   27919     151    0
  55150   55150    5726   12432    1
   7229    4178     528    2301    1
  31971    6158    2572    6912    1
  13831    2639   10507   10969    1
  56793   56792   34046    6086    1
  26997   21919     981    3225    1
  13733     352   10657    7847    0
  47417   23174   43391    8277    1
  18630   14699    1298    1012    0
   6022    6022    2152    5640    1
  27494   14865   17561     344    1
   7861    7534    5048    2017    1
  27120   27120   10579   21403    1
  34389   34388   13652   14024    1
  35652       0   17877   23128    0
  57185   20634   21614   17173    0
  62853   62853   53494    5107    1
  31298   31298   28563   13777    1
  19501   14082   18488   15483    0
  18343   14621     436    8228    1
  24843   24842    1143   16147    1
  16199   12893   15245   12942    0
  50206       0   17642    9965    0
  42451   34448   21467   37707    1
   7384     532     730    3947    0
  44077   13347   35172   43477    1
  14326   14152     255      40    1
  55171   55170   28186   34801    1
   9111    5466    1189     285    0
  19296    7344   13422    1741    0
  59592   59591   39623   21990    1
  50099   50099    5992   32193    1
  58011   29686   12530   19834    1
  48890    9332    2254   13938    0
  35873   20722   16194    3521    0
  18935   12015    1957   15124    0
  62236   49041   50829   41653    0
   9920    1779     994    8759    0
   8739    8058     344    4370    1
  33626     745   24060   11292    0
    351     191     153     182    1
  53842   13784   31556   43865    1
  60426   34049   12873   52536    0
   5665    5630    4794    2944    1
  41606    5422    2800   37812    0
  14238       0    7450     247    0
  24293   24293    5837    6023    1
  49856   21263    6241   12980    1
  55239   38664   39248   50709    1
  42650   42649   26231    2289    1
  23717   23717   21329   11580    1
  51254   29679   15572    6428    0
  60519   46418   13205   48857    1
  22740   14173    6505    8702    1
  17159    5471    4705   12303    0
  47572   27953   35449   39543    1
  42784    6653   16335   38863    0
  27594   22002    1715   13926    1
  40586   40585   19661   34655    1
  33823   33823   23124   10471    1
  12264       0    3385    9124    0
  51052   39006   43248   23657    1
  30968   13743    2709   29172    0
  50953   27107    5768   33476    0
  28647    5692    7931   19657    0
  31768   31768   29075   11297    1
  54029   54028    1597   53592    1
   2746    1085     830     152    0
  19454       0    3315    2058    0
  56007    7300   39698   16161    0
  24813       0   18318   22019    0
  20065   16796   19541    1142    1
  56692   56691     866   25084    1
  13421     376    7761   11890    0
  34007   17265   30711   24946    0
   3052    2372     263     104    0
  19280   11991    3850    2883    0
   4380    4380    1459    2772    1
  14177    7431    4575    9245    1
  46551   46550   21462    3595    1
   2461    2282     626    1418    1
  28777       0   17009   11745    0
  12925    2411    8397    2538    0
  61598   61598   61369   11968    1
  61540   61539   32683   50148    1
   9279     217    5403    5643    0
   7337    6113     188      87    0
  12835   12835    1524    6365    1
  27836    6962   14596     459    0
  33097   33097   13137    7499    1
  29026   11288   22461    4960    0
  32931   32930   27962   29533    1
  62363   47439   12528   23263    1
  39857   32240   32531   10050    1
   6018    2151     698    4720    0
   9554    2252    7866    3086    0
  62432   43604   59397   13924    1
  50341     184   15373   29420    0
  11081    8894   10064    4515    1
  27219       0   21461     130    0
  30222       0   23317   13901    0
   1160     610       2     725    0
   3340    1054    2568    2609    1
   8503    3353    2905    2590    0
  22365    3160    1963    2176    1
  34779   34778    2720   30093    1
  38882   24233   14485    1163    0
  38470       0   35953   10789    0
  63830   63829    3119   21798    1
  17307   17307   16625    8776    1
  56922   30437   27781     291    1
  31802   21062    8538   12932    1
  20669   20669   18589    3366    1
  22448   22448   16897    2692    1
  63319   56771   47116   52511    1
  27395    3629    5637    5813    1
  14282    3670    6412    6493    1
   9135    4155    1557    2344    1
   5332    2304     462    4082    0
  46942   46942   32766   26411    1
  49315   49315   49121     175    1
   2101    2012    2032    2086    1
  44736   15111   25433    3430    0
  52837   52836    1487   30899    1
  55047   21254    4999   17013    1
  25411   25411   14120   17190    1
  16171   16171   15185     319    1
  29486     153    5357   22712    0
  21290   15492    3011    9661    1
  61949   61949   32623   38888    1
  26074       0    5450   10267    0
    448      44     273     344    0
  43842   43841   20951   19228    1
  20013    9670    2089    7917    1
  60870   60869   26313   33914    1
  20164   10727   16774   10538    0
  41860   39860   22965   26974    1
  27525   15983   18457    6790    1
  40863   40862   18097   27686    1
  45482       0   25713   15579    0
  50705   42221   41296   28017    1
  61470   10390   13066   36831    0
  41360       0   19333   26304    0
    398       0     315     230    0
   8008       0    4414    4815    0
  38376   34004   11417    9550    0
  47558   22112   28707   21255    0
   8291    4601    1192    3881    1
  31852   11383    3277   30160    0
  47235   47235    1930   10718    1
  53031   53030   28861   18647    1
  16178   16178   10837    3824    1
  51961       0   32954   25318    0
  50974   17923    4846   41365    0
  41162   31514   17700   15038    0
  63019   63018   12797   16414    1
  41204   41203   12764   13387    1
  38110   38109   28110    1070    1
   7947    7947    6931    4684    1
   7112    1522    5344    5292    0
  36668   36667   35365   29228    1
  42033       0    6447   25474    0
  49711   49710    9643   24056    1
   3900    3900    1496    1275    1
  28795       0   17302    4036    0
  56624   24201   41728   20330    0
  64621   21201   28606     653    0
  55767       0   42033   44325    0
  49862   41751   30898   16339    1
  49304   36062   42379    3741    1
  23949    2105    5825   18378    0
  41873    3855   41775   25140    0
  56416   56415    2720    3795    1
    536     313     277      52    1
  61352   36162   58665   57681    0
  35658   35658   20510   17811    1
  47045   46328   33935   40676    1
   6116    3801    2000    6000    0
   1126     841    1074     498    1
  42368   12296    7412   16640    1
  37353    2665   13048   33816    0
  51897   51897   38428    6878    1
  45341   45341   28859   35599    1
  19983   19983    7403   11740    1
  61743   57814   34494   20787    1
  57724       0     408   30542    0
  65217       0    2399   21206    0
  10474    1185     720    6442    0
   3248      85    1642    2010    0
  21425    4855   12189   13434    1
  49647   49647   15755   41922    1
  32432    6059   17915   11816    0
  22142   21858     785   17648    1
  45882   38941   18827     704    1
    857       0     731      16    0
  65328   65328   59670    3617    1
  36905   36905   29431   36664    1
   4221       0    1340     100    0
  21962   21961    9168    2429    1
  48706       0   35577   26331    0
  48336     607    6737   48166    0
   9407    9407    8971    5848    1
  24412   24412    8186    6821    1
  34342   34342   26664   24630    1
  18387    2057    4521   14666    0
  44725   12947   14806   10489    0
  15035    8261    7403   11662    1
  18802       0    4551   11397    0
   8381    7796    2775     471    1
  25722       0   18046   25175    0
  49377   49377   15383   15982    1
  31879   31878   26646   20400    1
   3023     253    2531     873    0
  18531    8492    4819   17544    0
  44098   44098   17833   35512    1
   5042    2017    4720    2746    0
  11342     806    5445    3635    0
  18787   12118    7570   18715    1
    291      57      95      45    0
  31062    9636   21096   14510    0
  43369   43368   31778   33212    1
  19749   10399    8950    7309    0
  28805   12945   22859    7734    0
  35100   35100    1488    6231    1
   9432    9432    3368    1165    1
    294       4      14     255    0
  44394   44394    2861   30637    1
  59181   21670   59017   45387    0
  55348   23699     801   16672    1
  30477   23347   29835    8781    1
  53099   37356   39361   10792    1
  55000   13340   46694   26408    0
  55337   21280   54660    9795    1
  40154   38588    3638   14039    1
  38933   38933   20513   23600    1
    948     616     306     287    0
  15652   15652   11048    2609    1
   3002     631    1804    1883    1
  50820    6004   22852     891    0
  27199   27199    8054    2115    1
  62456   62455   49377   35564    1
  33797   33386   22822   18881    1
  12394    2136   12194    6982    0
  15668     933    4681    6906    0
  24653   16756    5319   11072    1
  40596   40596   39666   28512    1
  54143       0   53481   31739    0
  23017    2152    3491   21008    0
   4456    3715    3194     427    1
  57935    1195   31132   51929    0
  33344   33343   32834   25416    1
  15542   15542   12537   15127    1
  60664   26927   17176   52618    0
  59662   57722    1234   24971    1
   1397     154    1238     591    0
  47471       0   14755   26696    0
  58643   18859   43229   12992    0
  58616   13583   54337   32073    0
   3344     470    1419    2774    0
  57637       0   35762    6097    0
  45747    3577    7787   20167    0
   9239    6303    4669    8525    1
  29130   29130    7512   12137    1
  36225   31135   10463   11400    1
  28704   15932   20096   26361    1
   7462    3638    4303    1377    0
  39313   26951   30792    2420    1
  46009   13132    7211   14420    1
   4915    4169     398     909    1
  47701    4473    2174   29218    0
  64477   41186   11137   58914    0
   5484    1614     308    1723    1
  27674       0   23251   10107    0
  39883   39883    5748   12904    1
  20900   15090    2935    1835    0
  55402   55254    8967   42472    1
  32341   22025   18624   30617    1
  48265    3201    6795   44669    0
  47134   47134   31858    4317    1
  25561    6134   11443   22192    0
  35338   35338   18085   31909    1
  11857       0    7619     129    0
  51199   41482    2819   34183    1
  14779       0    3791    9506    0
  22386   22385    7972    2758    1
  56063   56062    7174   37716    1
  15912    2304   12403   15618    0
  34141      35   17119    8643    0
   5489    2716    3539    4116    1
  60941   46975   53974    9982    1
  12359    4376    5604    9313    1
  23716   18213    8023    6773    0
  62454   62454   11358   26343    1
  41771   26681   18131    8105    0
  25142   17032    4821   22195    0
  25743   19556    4598    4012    0
  61977   27439   20414   17544    0
  31616    9112    6316   24384    0
  64236   23784   49913   36162    0
  41780       0    2782   19611    0
  51558   20782   42252   14821    0
  54415   54415   34714   42845    1
  12731   12327      60      55    0
  50408   24040    1011    6362    1
  14916   14916    4433    6122    1
  54690    5332   38940   52723    0
   8568    3120    1291    2590    1
  11168    9962    9637    4698    1
  44297    4570   40766   34946    0
  46199   46199   17976   18387    1
  24285    6305   11881    1761    0
   2358      64    2335    1124    0
  22344   13190    8807   17335    1
  24443   16735     447    1634    1
  49791    3544   10194   19879    0
  37157   37157   33579   23362    1
  58266    9044   38236   11247    0
  59048   15972   45715   10824    0
   8212    8211    2533    6915    1
  24310   24309   13995    3789    1
  44834   44834   10607   25423    1
  15949   15948    2952    7109    1
  47240       0   11604   39236    0
  17445     688   10056    9212    0
  31164   25754   22372   15430    1
  57726    9500   25652   28070    1
  41661       0   28442   30033    0
   5769    4726    4308    1070    1
  58847   58846   17641   41153    1
  49798   49798   37305   32850    1
  31580   31580    8490    6905    1
  11116       0    5138     962    0
  44824       0   32738   20788    0
  56096   56096   50636   20215    1
  45467   45467   16922   20201    1
  12232    1160    3422    8983    0
  20577   20577   17835   11193    1
  54905       0   14192   16263    0
  14867    7992    1200    6158    1
   5077    3515    1200    4461    1
   2326    2326     409     649    1
  16568   13033    9335     232    1
  43833    2864    6322    2847    0
  21257    9502    2664   10486    1
  63868    7822     754    9155    0
  14412    4158    1872    9199    0
    539     188     497      48    1
  25816   23622    2334    3356    1
  47192   39722   22526   30984    1
   4041    4041    1137    1233    1
  49379   37793   43732   10269    1
  22734   22289   11265    8102    1
  11322    9015   10124    1521    1
  21324     847    9068    4307    0
  53216   53216   48440   20647    1
  26877   26876   23769    5158    1
  32018   32018     722   11520    1
  27971    2957   18044     570    0
  12959    6724   10981    7927    0
  55168   24250   26302   10123    0
  31961   31961    6502   31213    1
  57214   57214   56908    4341    1
  25436       0    7932    1004    0
  58121   50737   55362   33832    1
  32583   32582   31493   28345    1
  38494       0   13035   11936    0
  37786    7227   29830   27605    0
  63547   29716   60157    3805    1
  24535   24534   16497   11096    1
   4641       0    3287    3263    0
  44515   10280   26966   27658    1
  62269   54386   57445   17301    1
  33843   33842   25064   23922    1
  61832   61832   30946   25905    1
  64255   56496   58737   14299    1
  28152      14   20343   16753    0
   5180     881    2964    2346    0
  50269   50269    3619   11750    1
  59197     671   41932   18526    0
   8806     392       7    4608    0
  48314    2173   25787   13723    0
  38979   32151    7382   36488    1
  10312    5720    7892    2724    1
  25947   11219     280   25712    0
  24739       0   21029   21384    0
  38710   24452    9796   35045    0
   1437     852      80    1267    0
  54549       0    3206   25531    0
  49921   41148    8754   20311    1
  25411   14785   24301   13757    0
   1453       0    1201     548    0
  55978   55977    4569   35541    1
  20840   13794     644   12241    1
  27917   26217   18923   16586    1
  54003   40300   19655   24715    1
  55048   55048   28681   24145    1
  30061   25076    6696   21312    1
   2884    2330     351    1688    1
  30848   12668   22268    4236    0
  11344    4131     810   10692    0
  55311   45475    7761   19161    1
  36871   18636   19089   28221    1
  55879   55879   28883    6400    1
  38490    2717   17885   31390    0
  24167   24166   20150    5358    1
  55324       0   41319   25815    0
  54425   54424   43472   19190    1
  25517   14515    5490   14079    1
  23206   23206    9164    8654    1
  26090       0   17015    9748    0
  10131    5464    6789    6377    0
  12487    7574   12405    8431    0
  54940   45772   54529   14261    1
  62213   24291   61115   56821    0
  46097   38743   27770   27670    0
   2055    2021     687    1252    1
  59436       0   33864   50312    0
  46875   40916   33801   31980    0
  62927   62927    8568   44913    1
  43181    8563   31117    2231    0
  64281   21546   27937   26865    0
  39415   39415   34221   29587    1
  28563   15150   24572   27291    1
  44013   43968   32460   34480    1
  29159   10283   18045   18857    1
  62283   62283    7572   42491    1
  31836       0    9453   25624    0
  23727   23727    1935   23085    1
  42245   34023   22205   32765    1
  62754   38208   22653   39783    1
   2996      10       7     656    0
  35417       0    2759    9695    0
   9125    3548    2565    2427    0
  45859   28866   13106    4280    0
  20371       0     947   12502    0
   9317    8850     715    4126    1
  17737    9541   12552    7188    0
  55414   55414   24485   49369    1
  43343   43343   20507    8106    1
  44166   28308   10237   28662    1
  36860   36860     188   17043    1
  54105   51508   42287   15676    1
   6861    4963    6814    3888    1
  28135   28134   20846    9132    1
  14746   10196    5450    4179    0
   6477    4366    5901     309    1
  44826       0   32980    8588    0
  60871    6564   36157   47502    0
  22958   22958     970   18480    1
  33643   21821   20221   32675    1
  24819   20836   23229    1883    1
  42106   42106     179   27533    1
  14685   14685    6151    7474    1
  21229       0   21195    5945    0
   2925    2803     709    2320    1
  65107   52817   44202    5266    1
  27447   12670    2060     165    0
  62781       0   22437    1391    0
  10871    5203   10631    4574    1
   3131    3036    1267    1413    1
  63091   35590    7806   16413    1
  25491   25491    4906    6101    1
  59710   39233   31395   29221    0
  51381   51381   26906   19524    1
  44553   31563   35324   14213    1
  57637       0   34580    9652    0
  27137   14872     666   22674    0
   2904    2903    1728    2148    1
  14055       0    8573     266    0
  30849       0   12535   12961    0
  29786       0    8807   20324    0
   7833       0     762     483    0
  59514   59514   55359    6961    1
  22284   17538    5965    3241    0
  59714       0   11872    9102    0
  53747    6159    7166    3551    0
  60510   23678    1768   56641    0
      8       0       1       1    0
  41931       0    5207   27489    0
   5045    5044    4761    2674    1
  43734   43734    6684   26439    1
  35653   29311    6722   28682    1
  19273   17890    5509    7629    1
  35039   32005    6209    6910    1
  10329    4306    7121    4006    0
   1264    1091     373    1041    1
  18495   16161   18487    3909    1
   4160       0    3531     823    0
  50286   24715   41911   21168    0
  20448   20448   18137    4072    1
  52984   11701   39456   24664    0
  57053   57053   31324   34459    1
  43561     615   20668   21506    0
  59301   36697   31658   46142    1
  45408   30721    8147   42313    0
  22197   15585   20772   18326    0
  33825   20145    5362    7382    1
  11044    7711    1718    6898    1
  26707   26707   14350    9725    1
  31633   13306    1162   18873    0
  53812   53811   48838   39530    1
  12278    8597    6795   11996    1
  26702    7736   15645   22143    1
  54422   35785   31968    4727    1
  33045    7512   11404   27727    0
  19695       0   13655   13301    0
  19261   16167   14842   10612    1
  49437   45111   33800   49410    1
  19101    4604   10890    7510    0
   1917     186    1392    1480    1
  18494   18493   18308    8770    1
  30088   24229   14516   14686    1
  31236   31235   18410   29930    1
  24451     443    1646    1053    0
  38204   17689   28089   35221    1
  23872   23833    4521   15685    1
   5438    1903    1601    4987    0
  27295       0   22890    5104    0
  62349       0    7545   36453    0
   4799    2245    3005    3153    1
  12186    9543     756    8707    1
  31885   31885   29483   22858    1
  57073   20381   37979    8410    0
  20744   15483   18209   20232    1
  46286   46286   21591    4391    1
  41998       0   36170   37084    0
  43557   43556   35340   19386    1
  31555    7383    7808    4209    0
  45672   39319   29820   10475    1
  23711   23156   20564   22815    1
   4096    4095    1514    2175    1
  49732       0   11777   17903    0
  59649   59649    7838   55205    1
  18700    5793   17048    4725    0
  16051   14501   14204   11006    1
  42598   15878   26198    5208    0
   3824       0    1100    1570    0
  45280       0   21370   10985    0
  29414    7547   13887   21994    0
  58494   18097   25688    7959    0
  54001   21290   28283    1103    0
  49695   23990   30967   35213    1
  62485       0   15896   42178    0
  63367   11163   14168   15366    1
  43645   37812   24562    3672    1
  60026   60026   18205   24602    1
  45055    2596   24352   38036    0
  28140   28139    7906   24956    1
   1035     920      86     993    1
  12486   12486    1449       9    1
  48533   16311   14287   20972    1
  31469   18569    6287    2226    0
  56091       0   54195   44612    0
  57425   57424   45460   22439    1
   7119    1711    1720    1417    0
  12025    1947    7343    2231    0
  62307   62306   29707   18641    1
  42267   42266   15119   21384    1
  60414    3473   53682   25939    0
  57520   37350   32799   30839    0
    914      82     190      91    0
  55363   43344   54257   33374    1
  23107   20448   10133    2409    1
  27790   24112   20359   22757    1
  53534   53533   22272   16875    1
  34572   16401   22176   14040    0
  36835   15220   23661   18272    0
   3036       0    2162    2998    0
  11884    6834    6994    5390    0
  20128       0    4846   10508    0
  56089   44790   28502   18457    0
  16907   10015    1582   14698    0
  25132   20836   19869    3009    1
  23523    6783   13595    6187    0
    415     254     310     384    1
  27084   24197   25188   13324    1
  39531   17194    3813    5926    1
  50576   40615   28112   22191    0
  43558   34281   38851   29447    1
  10788    8802   10037    3219    1
  36953   36582   11059    9156    1
  61229   20630   60348   36016    0
  13003   11440    8724    5094    1
   1530     687    1437     504    1
  59583   28824   37010   38451    1
  62563   24323   33269   50298    1
   8137    2892    5219    3131    0
  27994   15332   17168   11311    0
  28586   28585   16771   12505    1
  18892   17866   18784    1340    1
  10038    2518    1721    2719    1
  37068   27903   22377   22094    0
  13704   10101    7455    2651    1
  28684   21769   10384    4319    0
  29714   18061   16635    6454    0
  53367   53366   20819   49569    1
  35488   10672    3754    1820    0
  60404   60404   44268   30638    1
   2046    2045    1075      52    1
  40413   22844   35720   11070    1
  54612    5261   53500   37591    0
  20026   20026    8269    2860    1
    529       0     163     497    0
  12684    8373   10747    4042    1
  27027   27027   11897   13239    1
  14466    1560    1820    5870    0
  50735       0   46467   48422    0
  64876       0   61495   41060    0
  19611    6939   14146    4126    0
  27957    2287   18757   17406    0
  32323   15826   26991    9461    1
   5763    2577    2836    5631    0
  52994   35477   25214   13397    0
  47412       0   17582   25095    0
  42970   15904   29844    9740    0
  28750   28749    1111    7510    1
   6894       0    2007    5746    0
  11796   11796    4411    5254    1
  41614   41613   21200   23241    1
  24692   22298    9811   10817    1
  28972   13536   24424   12097    0
  40715       0   19680   19099    0
  35877   35876   19778    6834    1
  46052   38533    8857   24016    1
  25784   25784    8764   15251    1
  21256   10654     726   20022    0
    574     573     328      79    1
  60311   60310   36617   55025    1
  21194    2549   19510   15381    0
  40153    1118    3602   31955    0
  11464    9753       9    7157    1
  51253       0   41148     591    0
  21494   17359   19650    5356    1
  46662   45457   45396   35297    1
  61087       0   26260   60606    0
  50967   44982   48564   40691    1
  47544   47544   20514    7272    1
  48073   22328   10318    8187    0
   8629    6255    3303    4213    1
  39357   39357   28052   15013    1
  59420    6812   52822   56046    1
  65408   15506    3986   35125    0
  59031   48499    3687   56564    0
  39403   39403   17464    2322    1
  37242   37241   35714   35805    1
  27846   11338    9986    2540    0
  24526       0   22802   14779    0
  32072   32072    3880    5905    1
  63407       0   61742   43331    0
   6312    6190    6126     554    1
  44802   44802    1681   15537    1
  25667   10779   11197    2158    0
  53305       0   51145   35130    0
  18491    7952    6209    1929    0
  19292   12508   17240   13970    0
  38023   36111    5583   16658    1
  44206   33989    1131   10604    1
  12960    7047   10995    5770    0
  19683   14210   11939     470    1
  56768       0   44174   18535    0
  53859       0   32279   23169    0
  48969       0   29287   13098    0
  41296   32109   27108   31118    1
  27878       0   15985   27476    0
  50460   50459    9668      99    1
  12635   10092    9800    3575    1
  11493   11493    3496    9100    1
  42667       0    7750   10333    0
  38232   38231   10240   13427    1
  18894     204   14893   14308    0
  45721   45721   39108    1178    1
  44659       0   20054   36051    0
  22046   22046   17157   15181    1
  63217   18102   43348   26471    0
  28325   28325   13406    2114    1
  30963   21820   19514   10497    0
   1271       0      98     779    0
  49149   12037   47748    6626    1
  46264   27630    7951    9555    1
  49560       0   35179   48662    0
  59578   20859    6680   25897    1
  13336    6929    4300   11126    1
  20590   18477    6464    8680    1
  52506    7423   49309   45976    0
  47994   41743   23503   27057    1
  38146    5457   32853   31884    0
  40973   35470   32620   15122    1
  34188   34188    7273   19582    1
  50911   15852   28247   18551    0
   5544    5544    2988    2888    1
  26429       0    1833   13651    0
  32574    1756   16852   29249    0
  21432   21431   20329   13581    1
   1734    1734    1634    1346    1
  29195   29194   20925    1797    1
   3640    1495     602    3598    0
  60687   60687   11756   49502    1
  30200   12979   26338    3478    1
    290     290     178      36    1
  30621    4500   12997   29896    0
  42582   10264   11109   10599    0
  56004       0   15767   22062    0
  31986       0    6425    2573    0
  53535   17393   49483   43689    0
  26935   26935    6544   11012    1
  42785   35878    3766   22553    1
  26301       0   19229   14128    0
   5917     664    3095    1442    0
  63261   30954   27311     290    0
  13790   13790   13159    5125    1
  54082   17103   10031    6393    0
  59441   59441   49488   39812    1
  18413   18413   15357   18170    1
  57782   48236   14119   18578    1
  49813       0   44275   10649    0
  53130       0    5767   45310    0
  41834   13861   37967   33124    0
  40987    9474    2217   13283    0
  60944     302   45573   28518    0
  15787    7178    3189   10563    0
  59303   59303   44361   37994    1
   4582    2394    3785    2872    0
  62894   54385   60571   52391    0
   5097    5096    3189     248    1
  35640   35640   11565    4913    1
  33080   33080   29375   11656    1
  36414   33667   33132   12243    1
  50299   39288   28726    2318    1
   2396    2396    1045    1426    1
  31999   26785   16653   26978    1
  12795   10792    4031    6884    1
  40028   14674   22659   38238    0
  28585   10409      96   19240    0
  37283   37283   13198   26222    1
   2125    2124    1250    1393    1
  44013       0    7877   11622    0
   5691    4788    3885    3246    0
  51516   50825   39717   51118    1
  39735    7643   15871    5217    0
  36779   21252   17719   34469    1
  60203   30603   39754   55147    1
  31731   28537   14895    9434    1
  48698   30052   35515    5598    1
  26541    9062    8249   12380    1
  20924   20182    5753   15815    1
   6454    3158     719    2315    1
  50496   50496   44221   23724    1
  59697   11249    4373   54614    0
  17719    5669    8456    6301    0
  16428   16428    1846    8742    1
  54804       0   26374   21850    0
  45696   15835    4709   37819    0
  42622   16112   23177   34159    1
  39069    6618   35440   34940    0
  59056   59055   28827    4036    1
  44157   44157   31127   43074    1
  57884       0   37354   29579    0
  21757       0   18053    9194    0
  18382   15969   10545   12716    1
  34751   19923   28056   10099    1
  41889   12474   31697   23479    0
    638     637     177      49    1
  44254   12510   32489   29729    0
  14424   14423   13501   11925    1
  30459   30459   16278   28003    1
  40905   24710     643   12699    1
   5358    5358    1491    3492    1
  62620   62619   23533   36867    1
  60931   10034   51002    6203    0
  25286    5552    7319   24042    0
  47905   47905   30157   17502    1
  60972    7703   34807   22355    0
  56620   35068   20382   19319    0
  53422   53422   12578   38801    1
  40835   15543    3152   30018    0
  40710    9972   15866     862    0
  22809       0   16743    9003    0
  11028    7293   10876    1836    1
  49917   29109   24477    8932    0
   2398     616    2218    2194    0
  62373   16326   23903   25971    1
  20195   20195   10618   13067    1
  62501   21501   15204   48973    0
   2102    1191     349    1505    1
  51087       0   33872   19040    0
  48339   48338   21044   41743    1
   6672    3387    1477    2309    1
  25323    3782   17676    4776    0
  18708   18708   11647   12572    1
  59274       0    9963   36755    0
  41989   41989   14946   26136    1
  24098   24097    1967   24085    1
  18277   18277    1175    3635    1
  28429       0   10606   25423    0
  27548   26391   19377    1046    1
  51851   36706    8244    4921    0
  15198       0    6257    8942    0
  52552   52551   34636    1671    1
  41248   15162    6085   19698    1
  39482       0    7882   26666    0
  59709    3219   28049   51269    0
  32053   32053   20085   18110    1
  23205    9741    4489   22795    0
  42985   42985   30410   34523    1
  37843   14059    8207    2424    0
  58915   14402   11042   16765    1
  53063   13076   39249   51236    1
  15861   15861   10346   10276    1
  40930   32328    7558   16009    1
  43901   14757   36974   29059    0
  65352   12694   26375   18995    0
  28422       0   23327   20592    0
  19040   19039    2533   16962    1
  36591       0    1139   16185    0
  26129   26129    2403   24639    1
  51498   36051   50746   28866    1
  26486    8801   24221   22128    0
  16461       0    5001    6919    0
   2600    2599    1923    2321    1
  35674   12630   23483   30819    1
   9516       0    2772    3294    0
  56449   56449    9281   25488    1
  46073    3637   26448   39740    0
  35648   10577    7828    6160    0
  29669   29669    6076    1293    1
  12610   12610    5031    8030    1
  42198   17490   22470   12606    0
  10120   10120      29    3447    1
  54240   20511   47174   23646    0
  30348   30348   15447    1162    1
  63565   10435   38434   52487    0
  42984       0    6668   27018    0
  37280       0   16345   18231    0
  64873    7077    7679   25036    0
  44756   44756    2101   20525    1
  31051   31050   21665   12125    1
  38815   19733   36326   13290    1
  39066       0   27856   33307    0
  54090   54089   18510   10878    1
  60643   13874   45538   24494    0
  62957   33011   21115   17587    0
  61526    9494   14779   53334    0
  12392    7960    3688   12038    0
  59147   33682   51728   31663    0
  29534   29534    4923    1496    1
  48459   48458   33411    7260    1
  38788       0   36199   37288    0
  35513   31059   27569    9986    1
  51979       0   28234   33843    0
  59526       0   48953   25549    0
  59517       0   37740    4364    0
  29305   29304   12228   13332    1
  10733   10732    8069    1885    1
  45106    5406   44844   30412    0
  42299       0    8826     676    0
  44068   22079   37369    6505    1
  51035   23270    9900   19917    1
  35745   35745   26356   26084    1
   2798     241    1356     782    0
  22150   14681     458    6887    1
  33627       0   23779   26664    0
  31127   31127   11667   10829    1
   8187       0    3994    3204    0
  29381    8950    5181    1252    0
  16049    9229    9386    8326    0
  38847   38847   13193   18581    1
  45926   14478   43046   43712    1
  35911    7190   24891   29935    1
  25848   25848   19102    1284    1
  10075    6724     138     484    1
  45974       0    1736      26    0
  58595       0   55334     345    0
  17764       0   14360      84    0
  14593   14593   10721    9935    1
  23905    2882   18748    8104    0
  18639   18638    8920   11728    1
   5627    3074    2172    4369    1
  28691       0   19781    4261    0
  16140    9269    8949    2644    0
  26201   12118   15566   10368    0
  31132       0   23191   18687    0
  57409   39194   27063   25203    0
  52481   52481   44529   25541    1
  18461   18461   11211   16555    1
   5978    1924    1598    4692    0
   4899    4898    1410    4795    1
  34330   22441   34241   14825    1
  18151    3952    5211    2110    0
  24372   13430    1994   18889    0
  58207   58206    6672     254    1
  21606   21606    3564   10618    1
  10820    9342    8104    8609    1
   5374    5374     265    5126    1
  10490       0    3212    8638    0
  16191   11304   11423    1078    1
  53905   39006   11385   20289    1
  15169   15169   10359   12239    1
  13339   13339    8050    2963    1
   6664       0    5068    2034    0
  30681     716   22314   28270    0
   1215    1215      39     466    1
   2961    1430    2712     893    1
  49686   49686   19010   33678    1
  63718   59928   59528   24655    1
  51211   20855   49012   21719    0
  15057     214    7510   12777    0
  22479    9119    4782   17570    0
  59291       0    4290   29615    0
  63480   63480    4907   41710    1
  32897    6975    6508   21920    0
   8815    8815     390    2490    1
  63699   63699   21380   46243    1
  46631       0   15768   26825    0
  45332    1137   14765   25230    0
  58972   22316   55019   11343    1
  29500    7029   26508    4229    0
  17071    5334   10372   14095    1
  58071   58070   15188    4690    1
  21658    5588    6207   16749    0
  55153   55153   27927    5099    1
  24982    1452   12572    1083    0
  16305    2202    6109   14821    0
   6022       0    2144    2309    0
  47601   45208   16457   40195    1
  33814   13902    6907     438    0
  10029       0    9132    3524    0
  62505   62504   45740    3443    1
  13450   13449    9189    6578    1
   4452       0    2263    3882    0
  47719       0   28526   12526    0
  25393   22567   17398    8957    1
  27072   15155   10376   12014    1
  59342   59342   17012   48879    1
  62379       0   31274   51042    0
  27547   16836    1300   25536    0
  52739   52738   27808   47062    1
  37250   37250   15164   22903    1
   2135    2094     467    1184    1
  59074   14303    9276   38681    0
  64405    9356   31167    4861    0
  38327   13366   29339   20957    0
  21479    8675   17093   11246    0
   7157       0    4089    2279    0
  17516    3345     605    1950    1
  53063   18398   39633    4981    0
  17182    1605   13731    3471    0
   5726    1022    4523    5010    1
   4843    2966    1980    4151    1
  35041       0    9823   13608    0
  18146   17933    5447    8361    1
  25531   21824    8123   22674    1
  62695   59069   43523   61869    1
  58614   58614   57994   30082    1
  52545   41387   46983    1903    1
   2247     644    2084    2133    1
  25233   25232   19724   22558    1
  51834   31801   16775    3090    0
  42940       0    6497   21648    0
  27080   18574     953   11345    1
  58539   23187    1224   13973    1
  62711   62360    8587   42911    1
   7236    7235    3397    4862    1
  17660   12506    5642    8722    1
  30155   30154   22245   21177    1
  24659   18060    6567   20812    1
  11228    5098     571    1021    1
  42491   11426   34698    6617    0
   9155    9155    6414    6847    1
   1329     648     778    1222    1
  27101       0    1557    6380    0
  19528   10333   15574    1303    1
  36055       0   10168    2456    0
   7946    4017    1249    4972    1
   7086       0     570    2812    0
  52469   52469    9767    2704    1
  54037   54036   12626   42501    1
  10674    1013    5088    2659    0
  27305   27304    5703   11267    1
  22492   16596    6560   12096    1
  36824   10328    9147    1904    0
  28256    2574   21175   15411    0
  14275   14275    1506    7382    1
  32437   10275   19521   31508    0
  64634   13408    1134   30267    0
   6551       0     576    4114    0
  28164   12343    3208   19692    0
  26172       0   18504   25933    0
  39846   39845    2055   11933    1
   9581    1176     399    3651    0
  10948   10948    7867   10510    1
  10653       0    6380   10266    0
  28607   28606    5779   24349    1
  21280   21280    5286    9356    1
  65434   34344   20351   25922    1
  57618   23139   21266    7537    0
  59785   37683   14985   48661    1
  45594    4615   39988    5291    0
  56546   17823   33688   11292    0
  61622   61622   41562   52779    1
  48781   48780   42184   10590    1
  52278   40024   11187   15109    1
  38233   15244   12259   27198    1
  49479   39786   39072    6643    1
  16735    1455     259   10496    0
  13763   13763    4941    9338    1
  15993   10253    2625   10695    1
  10800       0     157    2925    0
  51330   29482   21441   50666    1
  61120   46703   53716   39827    0
  40491       0    5426    4672    0
  18949    5700    1703    2332    1
  21670   15108   16186    5456    1
   3206       0    1544    2377    0
  16668   13014   11223    9295    0
  17879     794    2649    7713    0
  52631   46992   32700   40276    1
  60598   54614   37703   37165    0
  47250   47249   41481   24025    1
  33907   33906    1448   32871    1
  56160   56160   32654   10547    1
  35181       0   22469   16660    0
   6174    5567     624    2694    1
  49264    1149   16775   11794    0
  46376   29689    2015    1352    0
  43228   41990   23555   27941    1
  60755   45146   53598    9150    1
  43326       0   38075   38035    0
  55995   20862    5365   14340    1
  30183   16877   25793   14952    0
  10215    4938    1241    4801    1
  35231   35230   23290    9771    1
  43112       0   29216    4481    0
  34328       0   14256    6791    0
  27243   27242    7162    8727    1
  13902    3759   11980     642    1
  44131   28804   28786   10619    1
   2093    1129    1918    1151    0
  23103   14833   19224   11008    0
  39750   39750   38975   39434    1
  59587   59586   50728   39771    1
  50154   50154   24249   38104    1
  28303   18463   18517   12318    0
  47847   47846   22626   39258    1
  31525   25201   14399   25195    1
  64874   20858   61390    7924    1
  29786   28360   25035    3892    1
   1511    1511     800     389    1
  24487    1115   11988   12999    1
  28332   20034   23382   22188    0
   8028    8027    7424    5349    1
  60115   27622   29941    8820    0
   1509     637     221     848    1
  21102    5476   19606   10095    0
  25511   19517    8780   23179    1
  13259   10788    1499   13059    0
  50678   16787   25960   22346    0
  43007       0   38306   17028    0
  62237   13770   17135   46180    0
  22105    2536   19131   14203    0
  65444       0   13987   11135    0
  17004    2427    4966    6759    1
  15556       0    4295    9552    0
  40453   25487   32228   18928    0
  24611    1030     822    3590    0
  19434    5751    8680     285    0
  43136    5322   38854    9032    0
  44920   18792    9247   43110    0
  20411   20411    3989    5298    1
  51587   51586   46648    5912    1
  29501   13310   22297    4642    1
  39392   39391     353   10406    1
  44624    6107   18069   14467    0
  61422   61422   47809   29206    1
  20885       0   20284   18602    0
   8792    4999    2434     917    0
  31729   28759     224   26298    1
  37434   15763   21334   33959    1
  16493     583   15046    3346    0
  19967   19967   10898    5304    1
  21233    9283    3631    4558    1
   1965     916    1483     284    1
   2114     148     900     616    0
  31685   31684   26992    8486    1
  50479   50478   18033   37376    1
   4450       0    3239    2642    0
  17650    1510    5578    9773    0
  14510   14202   10806    5172    1
  43572   43572    8135    8929    1
  16745   16026    3176    7927    1
  17621   16839   13701   14989    1
  13113   10659    6681    4114    1
  26524   26524   14745   18647    1
  52526   19390    9405   47893    0
  51128   31702   12944   23481    1
   4196    2030    1591    3591    1
  18457   11662   11609     399    1
  41134   11250    9559    8664    0
  54000   27987   32326     102    1
  31926    2741   30572   12202    0
  52677   52677   26338   25488    1
  63443   50161   13034    6735    0
  37138   37138     666    7733    1
  39865       0   16594    4118    0
  47819   13149    6664   17948    1
  13908   13908   11444    4870    1
  39061   39060   17941   14125    1
  21702       0   16049   13661    0
  59127   47010   28515   14801    1
  35290   35289   33338      22    1
  16801    3343   14646    6168    0
  34582   12381   28349    8628    0
  42741       0    6099   11816    0
  51695    4024   15580   33166    0
  25354   13400   23405    7388    1
   4819       0    3248    2910    0
  10542       0    7837     274    0
  62446     193   52145   14420    0
  41353   28013   12875   16684    1
  34824   26576   31732   11102    1
  25283    1390   14507    7579    0
  21944   14472   15935    6724    1
  60476   34821   49030   56415    1
  29471    2327    3356   24909    0
  58474   58474   21981   57677    1
  40098   21825    9126    7334    0
  55128   55128   41567   30278    1
  30928   30928   27713    4168    1
  24487    1848   14118   13402    0
  16074   14890    4110   15676    1
  32766   13551   32154   24019    0
  39341    6328   26796    3180    0
  26164    1809   23680   13981    0
  42984       0   40866   20836    0
   4816    1493    1749     821    0
  10239    1020    3494    2426    0
  57986    1750   22645   24322    1
  51391       0   18625   24221    0
  29273   22285   22938    9662    1
  48636    2845   47785   11649    0
  59213   48647   51462   56779    1
  37090   37090    3072    3284    1
  38397   38396   29974   31935    1
  62072   62071    2313   60167    1
  36196   36195   19362   10241    1
  64478       0     655    4852    0
  57516   57515   13255   17756    1
  55927   55926   28559   41456    1
  57361   57360   38367   37718    1
  27548       0   10110   25726    0
  49551   42375   33494   38457    1
  60051   17233   22110    6419    0
  35451   35451   27046   16731    1
  18096   18095    7986     638    1
  34985   32247   30427   34223    1
  63803   22022    1826   18384    1
  28328       0   15697   21446    0
  45365   12743   34566   44207    1
  43108   43108    6143     409    1
  60793   22793   59663   46029    0
  46186       0   37102   36576    0
  59670   23690   26892   16105    0
  33671   23531   17564   29397    1
  42799   42799   23588   27793    1
  40450   40450    1155   10568    1
  32562   17292   32241   23276    0
  27683   27140   24824      70    1
  41154   11422   34654    5969    0
   7600       0    2424    2829    0
  56711   51086   29968   56615    1
  24622       0    7317   19184    0
  38235       0    5061   33093    0
  18124    8918    1416     526    0
  54894       0    8277   33749    0
   4247    4247    2368    1619    1
  23049    1153    9894   14449    0
  13631    1489    7832   12887    0
  14742   14742    6318   10153    1
  48667   15631   38765   18262    0
  31692    6308   18311   29969    0
  36163   36163    2408   25155    1
  45264   24684    1115   17436    1
  24870   18309    9391     784    1
   3328    3328    1937    1420    1
   4647    4647      51     895    1
  17060       0    3716    9198    0
  19836       0    1440    4602    0
  13033   13033    4757    7581    1
   9044    9043     159    4939    1
  54594   32802   24718   47414    1
  26279   15524   10241   12606    1
   3241    1458    2150    1536    0
   1497     806    1043     467    0
  28577   25447   20133   26741    1
  22742    2792    4757    9201    0
  63544   36370   55712   28936    0
  33908   16313   24099   33664    1
  39515       0    5107   30525    0
  24292       0   10285   10781    0
   7153    2595     625    4808    0
   2472    1453    2111    2108    0
  61782   16825   41221   35795    0
  34575    3857   19758   12556    0
   8336       0    8001    8105    0
  41071     898    4268    1504    0
  33021       0   14661   18835    0
  57801   35060   55021    5574    1
   1154     336     636     147    0
  46676   27203   15831   27573    1
  48583    8987   26761   44845    0
  36097   36096    8354    7258    1
  32668   32668   17762    2511    1
  62988    1445    1390   50430    0
  37058   37057   32880   15751    1
  37804       0    8927   35167    0
  16157       0   14385     719    0
    425      24     335      20    0
  43936   43936   16506   22257    1
  55636   55636    5324   46750    1
  21632    2965    2162    6800    0
  50532       0   39715   12169    0
  36770   36770   19703   21323    1
  30550   23008   26344   25196    0
   8469    8469    7663     108    1
  30340   30339   30210   18638    1
  26795       0    4424   20344    0
  28464   14448    7761   11178    1
  47896   32335   24311    8021    1
  58922   58922   18134   30083    1
  51432   32692   44052   16480    1
  48488   12299   14930   12617    0
  50865   50864    7489   38183    1
  55933   18072   18530    5074    0
  21811    2763    4640   13098    0
  40387   40387    8702   26055    1
  16046    2734    2643    1925    0
  48134    6000    5410    3404    0
   4494    4101     387     562    1
  28668   28667   26791   10800    1
  46005   44638   45757   19332    1
    347     347     184     202    1
   2024    2024    1604      27    1
  52616   25365    3621   37196    0
  16315   13052   12900    1754    1
  29450       0   18675   27295    0
  18152     686    6163    8551    0
  58222   21645    4752   28487    0
  36477    7113   22386   35454    0
  27486   23044   12293   13897    1
   5888    5888    5433    3510    1
  41560   41560    7539   20599    1
  38213   38212   23396    6785    1
  58217   58216   53351   17796    1
  38956   16434    7136   38092    0
   6742    2697    1559    1515    0
  55700   55699   30943   43342    1
    560      37     478     424    0
  37379   37379   22399   29694    1
   4517       0    2429    2879    0
  32752   18621   11769   14055    1
  51060   51059    8413   51039    1
  60738   35022   22154   54927    1
  59609    7215   36117    4046    0
  25059   25059   21095   19424    1
  62985   62984   46995   16954    1
  31341   27956   16819   31274    1
  28097   18395    6873   20411    1
   6120       0    1404    4902    0
  15633   14516    7256   11001    1
  29798   29797    9554   12170    1
  15856   14093    2179    6963    1
  37099   37099   13250   11198    1
  10259       0     909    6434    0
  24202       0    4510   11056    0
  48793   36216   12029   37211    1
  58068   30316    2542   26201    1
  64047   40657   39012   40070    1
   3422     821    1093    2416    0
   7288    6875    5362    4995    0
  51687   31870   29230   22030    0
  12145   12068    1739    8338    1
  56418   56417   32155   18535    1
  50930   12498   16451   24482    1
  26486   17518   17227   19972    1
  30609   30608    8607   28765    1
  26914   13744   19015    8859    0
  54300   48261   40248   23475    1
  11259       0    8553    9085    0
  29282   19826    1652   24559    0
  25681   25681   16493    2529    1
  63706       0   46603   22820    0
  60072   60072   32463   42600    1
  63688   63688   42923    3980    1
  57479   55033    5719   51917    1
     59      43      57      57    1
   5317    5317    4599    3131    1
  36825   36082   31791   17352    1
  38513   38513    1932    3132    1
  10224       0    8133    2875    0
  25505    4644    3407     666    0
  53366       0    9469   28570    0
  28029       0     847   20287    0
  31359   12540   20178    9283    0
  44972   44971   19484   13086    1
  31616   21414   18418   23421    1
  63689   63689   49637   51191    1
  21997       0    5906    2739    0
  63121   15098   23134   59991    0
  52085   18409   15993    5738    0
   2369     894    1670    2110    1
  31712     645   21928   24324    0
  51655   44072    4404   26807    1
   5170    3065    5065    4561    0
  11116       0   10645    9360    0
  24572   17829   16018   16073    1
  11954    9169    2604   10850    1
  51203       0   39335   50171    0
  25401       0   18933    5912    0
   7436    7435    1750    3569    1
  26830       0   24865   16881    0
  23366   22162    4590    8896    1
  24235       0   11254    5908    0
  43912   18624   10042   35410    0
  19080   19079   13582   17076    1
   9249       0    9007    3370    0
  20403   15536   17765    4315    1
  11904   10534    6495     389    1
   6754    2721    3406    2948    0
  31971   17016     329   28648    0
  18536    3984   11914    4655    0
  31091    7688    7063   18829    0
  45438   43207    5504   11716    1
  17148       0    9015   10472    0
  22775   14504    9653    9454    0
  35099   19468   30246   20058    0
  25638   25638   13574   15537    1
  11016    6337    1736    4765    1
  43203   43202    2060   42081    1
  26904   10118   22156   14553    0
  45195   11930    3467    6104    1
  17950    8065    7262    5285    0
  43410   43409   24655   37785    1
  43446   13261    8733   20806    1
  24490   24490   12987   20483    1
  32071   32071   15835    5228    1
   5286    1375    3621    2167    0
  17448   10522   12863   15769    1
  29731   12756    1761   28513    0
  27078    1972    2083   25909    0
  34938   34938    3518     892    1
  28072       0   26918   25522    0
  13204    8635   10471    8987    0
  21786       0   12016   10619    0
  55175    4152   45447   36309    0
  55399   22833   14612   30247    1
  29611       0   11360    3429    0
  45744   45744   28313   18651    1
  21819   14284   15604   19969    1
  24130   24130   12637   16923    1
  33699    9434    3006   11933    1
  25320   25319    3751    5499    1
  33309       0   14343   22935    0
  31036   31035   17812    9267    1
  57740   57740   32326   15596    1
  56315    4396    5342   52059    0
  50889   29686   50285    6010    1
   9742    9741    3966    5092    1
  52749    7399    1387   34549    0
  60951   26374   34275   11358    0
  23836       0   16767    9231    0
   6775       0    6006    5788    0
  58289    7162   45411   44354    0
  22940   22940    8990   13687    1
  37144       0   19193   10705    0
  11492     793    1303    5672    0
  42882   42882    4888   39989    1
  24168   24168    5140    6438    1
  55013       0   36195   21700    0
  19775   19774    2837   18256    1
  55689    3545   50182   41689    0
  55098   50568   32318    8869    1
  12538    6283    4367    8158    1
  12188   12188    8483    5551    1
  44093   16216   21063   12108    0
  45426   17025   30198   23610    0
  53585       0   22853   33281    0
  65519       0    6772   39963    0
  55067   32546   45871    5466    1
  56879   22737   21576   56083    0
  32552   32551     720    7825    1
  13739   13738   11311    2642    1
  15050       0   12729    1896    0
  48309   48308   20493   38696    1
   1733    1695     990    1465    1
  13160   13160    3169     717    1
  64954   64954   50090   28450    1
  47063   47063   25967    4844    1
  49529   23328   39265   26470    0
  33808   33808   25160    3536    1
  40185       0   13943   23438    0
   4229    2654    2158      28    1
  51491       0   17630   19311    0
  15206    6704   12780   14735    1
  11365       0    3058    9697    0
  22782   18242     760   10978    1
    417     231     345      92    1
  62690       0   23167   34605    0
   7850    1543    4503    3972    0
   4080    4079    2140    1663    1
  11441   11440   11345    7195    1
  37249       0    1046   10724    0
  50980       0   36778   16586    0
   9238    1247     813    2128    0
  64594   64594   54204   64233    1
  10081    3939    1338    3449    1
   5398    3806    2195    2186    0
  50998   50997   45824   16591    1
  49956   49956   33847   26769    1
  36223    6063   31211   22388    0
  24228     772   20822   10453    0
  58834   58833   54424   42219    1
  48308   48308    9706   37458    1
  14241       0   13422    9150    0
  33663   33662   12252   28579    1
  22787    2529    9528   17680    0
  24146   18879    8026   19714    1
  51392       0   10416   42585    0
   5896    5805    3374    1450    1
  10944   10944    8292    5517    1
  33581   12123    6766   13467    1
  38080   13034   20153   24606    1
  21402   21402   16333   12510    1
  36366   32695   33367   17509    1
  61185    3987   39422   19758    0
  46593   46593   31199   22075    1
    199     150     138     105    0
  35482   35482   20642   29568    1
  51113   20104   43376   39911    0
   6176    2253      75    2027    1
  47565   47564   27617   28079    1
  54556   54556   43862    8296    1
  35879    7277   10871   29325    0
  14766    3124   10763    9244    0
  63092       0   54768   35834    0
  22600     884    5709   19252    0
   7203    1450    6191    2847    0
  24324    8486    1956   16201    0
  39114    4858   16329   19257    1
  26688       0   23023    6591    0
   8703       0    3233    7117    0
  52451   47732   15317   23898    1
  18975   10618    7969   16961    1
   9705    2836    2855    8795    0
  24577    4072   19911   23988    0
  33809    5790   21364    2530    0
  31671   31671   28010   11415    1
  22425    3951   12257   11759    0
   3823     944    1933     585    0
  16564       0   12419   12310    0
   2184    2184     267    1502    1
  42505    3938   33653   24210    0
  22220   20561   17413   17929    1
  34817   13675    6508   16747    1
  16515    7685    2743    4406    1
  18858    5962    4151    3681    0
  35158   30327   30529   23694    1
  20159   13512    1323   19730    0
  13033       0    7528    8087    0
  33286   23714   12958   12335    0
  12633   12632     502   10135    1
   6461    6460    1584    2366    1
  44893       0    8633   30154    0
  48887       0   39569   41123    0
  17129   10985   10720   15781    1
  55318       0   54737   33182    0
  10247    1425    8274      82    0
   5395    1751    4985    4905    0
  32475       0   19667   13894    0
  65104   47944   12246    4472    0
  47532   10225     875   18937    0
  24979    7776   11739   22512    0
  44864   33418   25284    8341    1
  34740   13059   30521   20015    0
  52495   45554   24720   26424    1
  34754    5911   15176   16808    1
  43672       0    7320    3437    0
  65402   65402   34391   26366    1
  33672   33671   24295    4943    1
  52923   48659   15460    9630    1
  39228   26605   10610   11366    1
    144      35      59      92    1
  61785   17908    7231   38985    0
   3738    3738    1290     438    1
  30891   24418    4320    6612    1
  19591     864   10756   10134    0
  27936       0   10903    4779    0
  23895   12418   19917   19300    0
  64493   61797   36037   62394    1
  20480       0   17853    5358    0
   4787    1124    3137    1123    0
  19374   10874    2649   13343    1
  17858    2686   10952   15385    0
   7564    2678    2443    5618    0
  63443   63443   53588   27200    1
  25319   25319   14703    8803    1
  37043   24349   27428    5296    1
  52767   52767   14430   19977    1
  64548   50234   22156   25465    1
  28927    5692   18685   22858    1
  27467   27467    5489    9203    1
  28454   15456    2759     127    0
  60356   32561   48087   36511    0
  45702    8366    5392   42221    0
  25729       0   16950   21649    0
   8428    6952    8117    1603    1
  27620   27620   16698    2569    1
   5098     142    4501    1648    0
  37002   37002   12919   23934    1
  49647       0    4880    8099    0
  53380   47296   37752   40367    1
  18853    3053    7772    9743    1
  16512   16512   13361     153    1
  56139   56139   25242   30090    1
  17896   17896    3908   12518    1
   5140    2069    1374    3859    0
  13766     555    4222   11757    0
  59959   59959   15337   54696    1
  33069       0   25483   10018    0
  49475   30210   31536    5453    1
   8561     269    6751     478    0
  64101   64101   10540   15162    1
  11477    7435    5589   10934    1
  42221   17476   33186   24647    0
   5868    5868    5204    1835    1
  47337   34528   27645   42785    1
  15230    7446   12898   13489    1
  25370       0   24303   19607    0
  20010    4050   10000    9862    0
  33438   32166    3532   25028    1
  65214   22769    1271   41815    0
  14598   14598   10874    4825    1
  59567   59567   14202   50587    1
  53612   42862   21551   41953    1
  58146   58146   21114    8735    1
  44909    1833    9121   43937    0
  39653   26301   33339   33645    1
  61631   18824   53641    5172    1
  21607    8038   10519     940    0
  59233       0   14257   50932    0
  22929    7927     854    5284    1
  48436   11993   35461    1904    0
  54368   22648    2580   26422    0
  46342    2825   35940   31228    0
  41940   32339    2928   17241    1
  50684    7152   12789   45503    0
  27804    7250   24684     925    1
  42155    4466   37430    6782    0
    450     449     430      64    1
  24710    7921    9010   18812    0
  21660    8070   16135   21232    1
  47972   47972   41259   25042    1
  40693   11918   30297   38632    1
  51257   42222   31460   26028    0
  58219   17901   20770    8844    0
  41215   18848   22733    4758    0
  10001    2943    1154    5377    0
  44962   44962   17122   27787    1
  31366   31366   24159   24161    1
  30723   16846   23919   23476    0
  13028     839   10220    3367    0
  65282   54545   51719   42159    0
  14347    3740    3507   10158    0
  50745   29536   18328   21773    1
  19421    6465    8872   14374    1
  20823   17691    2295   15536    1
  32005   31065    7982   24994    1
  16002       0    4507    2961    0
   7870    5056    7807    1169    1
  25783   13915   23688   19447    0
  14159    7809   11774      99    1
   4203       0     733    3859    0
  42458       0   37362   10308    0
  58315       0   45422   18096    0
  14529       0    7256     536    0
  37469    2996   26337   27763    1
  60111   36323   33877   26144    0
  31624   29383    5289    4658    0
  63224   28174   22035   58836    0
  28431    4642   13378    7497    0
  45924   23502    8921   17832    1
  45599       0   35215    4899    0
  59761   34126   45433   27259    0
  39234   39234   38975   24629    1
  64597   19028   41217   30118    0
  42241   42241   30490   19587    1
   4144    2616    1682    1133    0
  56401   56401   39841   19620    1
  39850   27753     808   12011    1
  20891   20891   13146    7095    1
  57802   19629   32856   32136    0
   3804       0    1581    2776    0
  16545    7289    1278     630    0
  19365   17106   15107    6493    1
  63119       0    1182   21454    0
  16495   16495   11540   15738    1
  45555   15762   25865   44051    0
  60782   60782   44695   29187    1
   5869    1350    4060    2617    0
  53399    4987   53076   21801    0
  19356    1738    3038   19239    0
  37825   37825     711   15909    1
  48038       0   36463   17078    0
  56749   26355   41014   15138    0
  59422       0   55521   10380    0
  50000   50000    6225   35657    1
    167     166     150     146    1
  32354       0   21200    7446    0
  45357   29683   18145     492    1
  59499   37270   36210    3966    1
   1399    1398     428     858    1
  55508    2124   37944   52158    0
  48407   19445   36927   39301    1
  61493   61493   50735   15843    1
  30484   23685   27953    8313    1
  17955   17954    8603   11331    1
  21488   21488   20042    8675    1
    668      13     217     545    0
  11823   10248   11426    1161    1
  46523   46522   37212    6522    1
  47804   24870   25843   11153    0
   6795     640    2771    5629    0
   8913    8912    7576    4803    1
  22757   18124   21981    3852    1
  10413   10413    2974    3955    1
  27438   27437   14909    9002    1
  38934   38880   17839   36389    1
  54873   36302   14244   49217    1
   8825       0    6991     958    0
  62695   39366   20768   60211    0
  64964   23057   48693   32932    0
   9469    5660    3608    8870    1
  26737   24324   22305    7724    1
  23765   23765     787   22152    1
  26212   20266   19879   13540    1
  62655   62654   60662   32807    1
   5815       0    1659    1707    0
  64029       0   43809   35399    0
  41570   24827   24510     383    1
  63916   56584   18997   36270    1
  52232   52231    4131   42313    1
  60442   20839   50011    6405    1
  36533    5648   36165    1535    1
  49185   49185   32446   47975    1
  29626   19745   13291   19572    1
  46492   15002   29422   46454    0
  59780   59780   28816   57459    1
  36473   16380   30064   29963    0
  60274   43057    8279    9285    1
  42038   19616    5350   21334    1
  36480     328    8553    1620    0
  42081   40153   41477   21273    1
  26135       0   12601   25427    0
  11191    4745    9017    1431    1
   7455    7454    2741    2945    1
  38531       0   31201   11382    0
  14184    9635     414   14106    0
  63894   38550    9446   28047    1
  22868    3329   13956    2399    0
  21360   12205    8858   18361    1
  31914   31914   24711    7448    1
   7508    3812    6338    4326    0
  11551   11550     772    7696    1
  43286   28053   21631   36554    1
  64899   37246   59118   25857    1
   8459    1387    4651    6748    0
  17874       0   11348    1570    0
  22356   22355    5168   17736    1
  19738   19737    3272   17010    1
  49907   16789   45669   10592    1
   4955    2618    4027    1781    0
   8653    7183    7781    6197    1
   8742    7840    2311      26    1
   8029    4401    1474    1992    1
  52607       0   28421   14993    0
  50414       0    2282   44810    0
  52096   39793   37821   36157    0
  45852    1272   39047   16143    0
  63630   63630   45210   25244    1
   3864       0    3212     450    0
   3322       0    1695    1674    0
  45036       0   43635   15471    0
  51751   40822   35978   34763    0
  59995    9053   26616   18719    0
  43919   38180   34517   24198    1
  65467   65256    3597   56188    1
  31406   31406   19171   13142    1
  14288   11367    6831    2130    1
  10128   10128    8462    2120    1
   5522    5522    4415    1524    1
  44676   42217   29919   34691    1
  22917   20113   15642   15281    0
   8118       0    3747    5755    0
   1904     524    1418     504    0
   7694    7693    1597     357    1
   2915    1281    1892     919    0
  58233   21007    3711   22641    1
  50317   50316   15798   22779    1
  20728    6843    9154    9017    0
  41674   31264    6574   26406    1
  14319   14319    8222   12396    1
  59670   27094   57581   17100    1
  54292    8606   26424   38698    0
  40254   38499   14754   12883    1
  56247   36891    4755   28705    1
   5840    5072     401    1490    1
  25614    7034   16030   10226    0
    324       0     183     142    0
    921     311     353     665    0
  65346   65345   21157   54846    1
   4969    2784    3007    2543    0
    792     580       4     465    1
   4910    2829    2001     194    0
   9313    3603     608    2992    1
  52014    7812   33979    1533    0
  56636   56635   15612   13930    1
  56728   56727    5726   38101    1
  40424   33459   31576   17350    1
  33282       0    4473   19844    0
  38586       0    4655    9941    0
  47926    9906    4913    3394    0
   8868    8868    2459    5198    1
  20896   20895    3184   14578    1
    224     223     158     171    1
  41531   19289   29851   32923    1
  17682   17681   11326   15400    1
  47337   45580   31533   42947    1
  42450   42449   27211   23673    1
  33025       0   24885   32096    0
  33085   24593   28460   23399    0
   1509     549    1435     939    0
  35626   11658    3822   11983    1
  50786   16936   48600   42601    0
  56586    9057   47573   33936    0
  26833   22481    9345    9589    1
  45960   45959   35533   26205    1
  62546   39913   26290   20151    0
  15879   13861    3127    3129    1
  65441       0   33005   47490    0
  61202     176   24461    7675    0
  25710   16677   20263   19938    0
  61066   21500   23731   30352    1
   3690    3689    2987    3486    1
  26737   26450   26343   21671    1
  42846    3105   40444   11608    0
  53244   29930   10651    4059    0
  48594   48594   44839   48452    1
  47573   10634   16311   39202    0
  61988    2176    7738   55588    0
  49142   49142     692   21614    1
   4416       0    1701     215    0
  30154   30154   25847    9235    1
  15454    8313    3013   15162    0
   8577       0    1293    7285    0
  43346       0   25312   29812    0
  45109       0   29619   31358    0
  35090   28909    4995    3415    0
  34708       0   29293   22471    0
  33310       0   19399    2872    0
  30472   30472    5323   14669    1
  49488   49488   15875   47887    1
  42139   13380    3585   29068    0
  62345   62344   38969   48279    1
  24477      94   13284   22759    0
  49224    1540   20470   40560    0
  57272   55757   24076   56224    1
  33266   22551    1579    4213    1
  32148    5359   11234   22772    0
  26046     168   17945   19929    0
  65368   48488    5424   45937    1
  10637    2885    7601    4797    0
  42671   20766   17421   40400    0
  56263   37852   30192   10924    1
  21531    4372   13087    6799    0
   6485       0     148    4735    0
    438      74     125     138    1
  38737   26276    1637    7019    1
  64420   46407   42954   28070    0
  15283       0    8771   13239    0
   4403    3243     138    4314    0
  38999       0   19093   30090    0
   9185    2858    6463    8521    1
  38174   16476   10501   12648    1
  30784   30784   18367   25447    1
  50151   50150    8362   47476    1
  64658   27292    2597    8098    1
  44032    4316   17858   36996    0
  50952   50951   26696   38121    1
  46913   46913   20994   29914    1
  35400   23096   18810    8578    0
  56664   20743    5741   23829    1
  25786     640   12791    2866    0
  39775   24206   25995     289    1
  46604       0   31475    5206    0
  35317   35316     327   11832    1
  24393   22764   20485   12479    1
   6129    6128     617    2503    1
  51353   17020   46970   45716    0
  61651   61651   27622   56550    1
  46250   44750   14251   42538    1
   3083    2251     730     427    0
  56318   56317   43634   50262    1
  15774       0    5086     433    0
  25621   12791   16246   24121    1
  44743   43140   23580   43355    1
  54477       0    8551   29162    0
  26841    9238   26365    5196    1
  38672   14950   32920   22722    0
  34101   34101    9397    3734    1
  40410   27500   36133   36280    1
  20737       0   19014   18168    0
  57546   57546   25871    3204    1
  61694   23043   24795    2214    0
  52071   26066    5930   48089    0
  26372   20061   16838   19451    1
  55156   22042    6568   53740    0
  46299   41996   23154   26934    1
  40737   13623    3998   36010    0
  38972   13065    1707   25968    0
  57194   57194   38797   26362    1
  61869   61869   38806    6125    1
  39274   38748   26357   11259    1
  34631   20104   24024   10705    0
  50692   21708   50054   49810    0
  64370   48722   44648   32793    0
  55486   42211   46417    6314    1
  10711   10711    6259    3513    1
  36301   36301   20135   14258    1
  43663   35520   40631   17525    1
  56139    7152   23617   48966    0
  59767       0   52176   55140    0
  16465   16465    7710   12774    1
  55380   35157    9254   42527    1
  13215       0    3050   11002    0
  44786       0   20124     921    0
  23838   22369    8760   14258    1
  53020   28344   42933   18300    0
  55669       0   23915    8387    0
   3936    3117     961    1589    1
  10349    9133    4346    4475    1
  33393   33393   18699   32143    1
  27388   17652   20012   15765    0
  62548    7975   62101   61558    0
  43187       0   39887   11442    0
  38963   38963    9354   31969    1
  47508   26987   25489   21291    0
  48993   14569   18824   15715    0
  24209   24208    8373   14755    1
  27798    1666   18927   11936    0
   7548    7547     356    5778    1
  27947       0   16382    1482    0
   9776     276    9741    5174    0
  37838   32743    7893    6075    0
  61655   30352   13472   36014    1
  32057   32056   14571   21955    1
  31330       0   24018   28642    0
  36737   31796   32557   35558    1
  33590     579   31272   26542    0
   4089    1744    1569     777    0
  38087   35323   29590   28837    0
  58375   25444   55355   51090    0
  21283    7868    9179   19604    0
   1100     397    1086    1003    0
   6698    6698      68    2362    1
  19644   19644       7   16697    1
  52810   47323   37901   35926    0
  12468   12155   10639    2845    1
  29860    6106    3213   22511    0
   6145    2563    4103    2696    0
  23981    5173   19182   18533    0
  12510   12509   10119    3444    1
  23490   23490   12789   16278    1
  32222       0    9331   21268    0
  38618   12431   17632   22417    1
  22690       0   11106    2485    0
  16519       0    7224    1648    0
  13102    7243   13054    2204    1
  35094    1040   32057   19610    0
  28696   28696    3735   22028    1
   8134    1695    4790    1345    0
  25351   18971   19629    1378    1
   9413    9413    3186    8215    1
  46768   46768   19300   44783    1
   5424       0    3688    3935    0
  56841   56840   18360   40675    1
  53000   52999   12301   27063    1
  18722   18588   12441    5813    1
  56491   32539   44198    8829    1
  44122   44122   11830   19302    1
  37189       0   17466   27920    0
   5830    5829    4495    4123    1
   6181    5524    4908    2446    1
  33765    4401    5537   16517    0
  28316   26743    1865   11539    1
  23914   23914   18188   11006    1
   3631    3631    2327    2305    1
   6759    6759    2886    4455    1
  53125   53125   43983   25789    1
  20111   14586    2255    2570    1
   8538    8538    3701    1381    1
  35740   35739   14009   12621    1
  28103   24038   11606    1423    1
   5608     469    2656     386    0
  37730   37729     217   24155    1
  48493       0   38355   30751    0
  53422   40156   50271   52840    1
  25061       0    9811    9237    0
  23321   23321   20500    4151    1
   1624    1349      40    1287    1
  39605   17764    5552    1405    0
  22430   16715   10483    1973    1
  35666   35666    8552   34472    1
  57028   57028    4495   14173    1
  16967    9922    3096    6347    1
  17960   17959   15812    1571    1
  40538   16519   14697    4499    0
  13219    2025   10087    7980    0
  61638   53210   34438   17197    1
   2043     271     621     277    0
  61741   24528    2940   20188    1
   4956     869     187    2498    0
  33661   33661   17746   11672    1
  56594    1258   38808    7378    0
  20086   13292    7923   11432    1
  41114   19902   25734   25400    0
  51502   34829   13093   14334    1
  24842   22361     544   24771    0
  31437       0    3223   13865    0
   3557    1870    2639    2740    1
  10469       0       4    1428    0
  21852   21851   15752    8930    1
  43404    3179   29312    1011    0
  44252   44252   17127   21570    1
  16792    1530   16087    6782    0
  39535   39534   27140   35322    1
  65409   16606   62790   60320    0
  13005    1857    3522    8531    0
   2990    2131     794    1724    1
  18064   18063    5760   13004    1
  21983   20479    1785   20438    1
  37264       0   13132   36073    0
  14962   14962    4409    3817    1
  26257   26257   23975   21713    1
   5483    5482    3153    1565    1
  14601   10654   11172    3712    1
  45556   22617   41964    8067    1
  41806   41806    4102   13307    1
  51070   48400   23747   46818    1
  47861   34047   29950   34417    1
  31534   31534   27234   16941    1
  19001       0    7620   17167    0
  60264   56764   14219    7161    1
  16219    3380    9337   10016    1
  56766   46036    2431   27662    1
  39257       0    8579   22836    0
  46212   46212   30717    8044    1
  52347   48791    7375   19377    1
  24461   22671   17115   20393    1
  62473   11250   27917   52400    0
   8174    6367    2559    1446    0
  14700   14699    5426    1156    1
  45541   16609    4612   41017    0
  19206    4587    7085    7252    1
  31590   26446   22147   18915    0
  42394       0   38308   38882    0
  16480    6043   13897   12923    0
   2848    2847     881     863    1
  55764   49594   43092   12981    1
  54876   21649   35927   16997    0
  63228   63228   12104   15564    1
  35357   20741    9591   20347    1
  65168       0   10412    3082    0
  64938   64938   47031   47161    1
  30921   30921   23333   26148    1
  55092   25656   53757   45062    0
  25769    6772     906     526    0
  48675   34414    1191   36295    0
  59952   59951   12066   15735    1
  15556     651   11556    7021    0
  63526   63525   42687   21698    1
  53064   34769   51984   31717    1
  65176   13947   16335    3241    0
  11273   11272    1210    4744    1
  23907       0    8625    9152    0
   3381    3380    1760    2938    1
  19130   19130   15051   18668    1
  22841   22840   17647   20801    1
  38176   10912   23967    1585    0
  14669    6474   13299   11665    0
  45429   45429   11490   30343    1
  29601   29601    4688    3638    1
  24906    3490     771    5354    0
  50604   27661   30546   13171    0
  47249       0   46850   28931    0
  61955   61955   12072   16083    1
  59512   25123   25653   42556    1
  44899   38407   41618   20299    1
  46400   25043   22195   35623    1
  42730       0    9089   38111    0
  45497   40508   33423    9110    1
  56727   18546   35683   10168    0
  61960   61959   41239   29505    1
  33510   18725   11353   17781    1
   3266     367    2302    2611    1
  51363   51363   47403    9363    1
  35772   33172    3142   12641    1
   2814    2813    2781    2126    1
  53387   53387   30852   35698    1
   9374    2534    1080    3162    1
  44055   23476   33584   16046    0
   7151     948    4300    2748    0
  50958    8350   19810   38388    0
  61026    4958   31507   10317    0
  41263       0    4665   11884    0
  46794   11478   29814      84    0
  47270    9074    9136   26888    0
  56931   42414   42020   29397    0
  22280   20393   16717   14851    0
   6129    2592    3656    4689    1
  34470    8353    5638    8506    1
  43971   17942   17276   15044    0
  60855       0   55763   22126    0
  59138       0   20868   12272    0
  34344    4946   33586   28046    0
  32060   13270   15129   21218    1
  62328   17143   10876    1995    0
  55952   44930   37006   22665    1
  19463   11520    2326   16861    0
  42891   42890   22640   26906    1
  37439       0   35446   34165    0
  12925       0    5047    3935    0
  29357    6751   25247    6873    0
  30607   25295   26342   26404    1
  54987   54937   49826   13222    1
  43680   43679   22582   20322    1
  50374   15030   31480   30746    0
  25957   19823   19366   25405    1
  63998   63997   23419   46142    1
  56709   56709   34710   18559    1
  37973     696   20138   26026    0
  19842       0    1782   10736    0
  41218   41217   40639   32142    1
  44364   39049   16055   40924    1
  42279       0    8294   41259    0
  25362   10424   10346   10932    1
  16300       0   15330       1    0
  11800    7646   10772    5094    1
   3949       0     998    1214    0
  37640    5644   24053   29433    1
  16178       0    8870    8799    0
  38698   20446   18517    2999    0
  17343     555    4448    3988    0
  19709    2107   13499    1737    0
  31136   22770   27163   21135    0
  25091   20418   10508    2577    1
  48371   39266   43000   11998    1
  40156    5960   37058   11243    0
  33339   15573   28634   17533    0
  65372   65372   62955   52808    1
  30473   28209   27089    6180    1
   3921    1251    1607    1729    1
   9794    2937    2933    3989    1
   7170    4049    1595    4000    1
  47153   18450   14783   25622    1
  11700    7540    8430    7339    0
   6041    6041     260     772    1
  20672   11778    1179   13714    0
  56277   56276   44045   39869    1
  28420       0    4872   27076    0
  40495   21404   12871   24254    1
  61747   27778   36098   20330    0
   6960    2885    4550    1118    0
   3065       0     699    2456    0
   5757    5756    3816    1946    1
   9165    6315    2090    6207    1
  46764       0   23618   29936    0
  56607       0   12611   54126    0
  63192   43022   45468   11897    1
  55242   55242   40607   36079    1
  45126   45126   22979    3503    1
  55556   55555    3173   28563    1
  23796    8663    4206    3167    0
  46675       0   22520   31076    0
  56543   24291   50568   39896    0
  34330   32403   26338   12054    1
  12686   12686    8332   12127    1
  60996   56762   51220   54174    1
  12313   12312    4930    1954    1
  45313    7412    8014   13450    1
   2882    2882    1955    2829    1
  11209       0    3431    7550    0
  37445    8329   22379   25180    1
  27359    4233    4539    9080    0
   7107    7107     959    4149    1
  33119   11230    3132   16773    0
  59401   44711    8721   20842    1
  24386   24386   10603    2300    1
  46065       0   17821   25022    0
   3942    3941    3110     295    1
    470     402     439     215    1
  47369   24371   42171   10317    1
  22045       0   21514   10995    0
  48725   33359   28775   45825    1
  12498   12498    9525    3201    1
  61577       0   41758   19545    0
  46074   46061   10209   32439    1
  18065       0     698    6023    0
  20785       2   12837    8591    0
  42864   33540   22988   10244    1
  31028   31027   19549   28176    1
  17081    4819   15233   12922    0
  53152   53151   41275   44794    1
  10648   10363   10643     566    1
  43578   18244   36860    3154    1
  57862   45593    9318   40039    1
  59981   30065   15639   24926    1
  26925    4844      72   14843    0
  53055   41468   27769   24874    0
  59206      83   17183   25564    0
  41943    4033   27729   26249    0
  55195       0   36082   45724    0
  15320    5700    2896    9776    0
  47154   47154   11077   27902    1
  60596   34539   52101   49184    0
  29187   28988    7428    3193    1
  49029   16376   26457     304    0
  39618   30147    3791   34754    0
  58361   42365    3762   36968    1
  15891   15890    3373   10511    1
  56128   42208   28644   25017    0
   8523    4234    2670    3436    1
  58127       0   22689   22208    0
  16025   12620   13686   10685    0
   4781    2614    3229    3546    1
  40723   33711    9520   34085    1
  32304   32303   21419   12213    1
  58721    5840   46582    1854    0
  62404   62403   31709   40880    1
  30234   27421    6194   26833    1
  18312    1003    7011    7230    1
  36141    1620    3076   19748    0
  31044       0   20413    8672    0
  19476    8875     993     589    0
  57026       0   15467   11815    0
  37909   23374   17998   16599    0
  22739   10592    8354   22394    0
  26002   12788    4655   13855    1
  16425       0    2866   12642    0
  52899   28260   26882   41737    1
  11319     646    4340    6565    0
  26780    8438   12933   24471    0
  36333   20790   12065   32420    1
   5636    4303     558    1766    1
  37765   37765   23542   11619    1
  33871   33871    9884   22587    1
  41695   41694   26990   18512    1
  63885   63885   59366   40075    1
  40553   31338   18108   28804    1
  46017   46017   21984   15124    1
  35262    1249   23785   11956    0
  25691   23728    9756    4502    1
  51873    6609   37273   44940    0
  35704   27671   23024   28413    1
    767     627      79     576    1
  42345   31083   11807   21407    1
  29632       0   27050    6211    0
  12426   12426     546    9137    1
  11655    7765     113     216    1
  52956   52955   46739    9819    1
  42143   29031    4828   21571    1
    176     176     122     101    1
   3395    1848     860    2223    1
  30350   30350    4726   17926    1
  58436   39900   22011   42792    1
  37055   37055   13815    2200    1
  36164   21645   35497   34953    0
  38707   22756   37455   31596    0
   3646       0    1664    2032    0
  57670       0   12723   46402    0
  43125   12596   41161   35662    0
  45592   39906   28823   10392    1
  18909    9641    3298   10395    1
  56792       0   25251   55371    0
  58121   47048   40651    6037    1
  13008   13008    7012    9286    1
  47161   16471   39807   25865    0
   8603       0    5319    3091    0
  12506   12505    4013    2135    1
  15916    7299   15242    4066    1
  43277    2244   22185   12230    0
  12560    6046   11652    6000    0
  16007    8289    4978   12898    1
    563     163     286     436    1
  15736    2503   14265    4110    0
  41566    4417   37276    1769    0
  12254     717   11331    9156    0
  12178   12178    7963     762    1
   8660    6942    3097    8639    1
  49773   49773    2721    7024    1
  11964   10414     888    6184    1
  32120   32119   17609   11023    1
     37      36      19       5    1
  59766   59765    6518   49459    1
  33702       0   26791   31022    0
  32960   12167   28610   18585    0
  19402   16669     487   15077    1
  50917   33021   19798   21656    1
  54562   37021   45818    7527    1
  10134   10133     169    3435    1
  59672   32037   38915   52713    1
  60387    3280   56627   41168    0
  63861   45111   34781   18566    0
  41367   39949   27831   17037    1
  14927       0    8842    1263    0
  63347   63346   61064   19602    1
  14008    5571    7478    9690    1
   2769    2769     946     779    1
  17985   11615    1337    4104    1
  50187    1766   49021   30224    0
   1041     906     318     785    1
  41582   19331   11381   34843    0
  10452   10451    6963    1590    1
   1911    1893     344     167    1
  33722   33721   13489   31387    1
   9273    8136    5026    2043    1
  26831    6480   20649    2546    0
  58025   48743   37020   54807    1
  20146   17480   18995   13966    1
   3905     629    2236    3636    0
  54566   54566   43786   49088    1
     34       1       5      27    0
  43466       0   20933   14468    0
  35567    8136   26241    6543    0
  34462   34461   34170   33002    1
  28383    7769    7960    5517    0
   7762    3285     474     441    0
  39406       0   37448   22174    0
   4214    4214    2409    2712    1
  14228    9054    3138    6465    1
   1658      97     200    1062    0
  15492    9563    1130   10202    1
  47782   44198   19021   22832    1
  53745       0   24906   33441    0
  37123   11945   28551   13345    0
  46266   46266   36963   30456    1
  57071   56329   49523   54539    1
  52561   16524   30434   15534    0
  54849   54849    7829   43113    1
   6756    6755    1120    1228    1
  16699     634    7423    3967    0
   1126     115    1080     814    0
  32454   32454    6123   14740    1
  37793     438    5011   23410    0
  16764    5237    9555    1844    0
  11245   11245    6900     592    1
  59034   36000   33304   57847    1
  23712   23712   12954   11904    1
  38235       0   16974   19543    0
   2858    2756    2230    2671    1
  46030   19241   19909   43617    0
  32550   16461   18371   19370    1
  33771   33316   27685   18002    1
  21834       0   19525    2967    0
  32218   11929   17212   28005    1
  59002   16801   30552   38604    1
  25232   15828   20187   12720    0
   5615     538    1368    1511    1
   6796       0     214    5828    0
  34631   34631   25912   10963    1
  35869   35869   28530   21183    1
  20859       0    5603   18152    0
  28458    8521    8288    9333    1
    909     735     175     152    0
  19864    1690   10299   16718    0
  22226    5123   10181    8730    0
  32730   26621   17846    7406    1
  27536    3995   22044   14499    0
  30771   26574   22814    9250    1
  21072   21071    1964     494    1
  29988   29987   12769   29270    1
  55046   55046   41941   11826    1
  23469   16978    9112   19150    1
  62638   16885   56453   59268    1
  42866   37719   14994   25008    1
   9067    4395    1049    4801    1
  46066    2186   21471    6880    0
  35021   12747   31366    7809    1
  37097   13721    4422   29498    0
  14688   14688    9928    8137    1
  31927   14682   31868   28992    0
  41008   40481   31618   33714    1
   3020     283    1631     675    0
  33941   33940   20546   18734    1
  20492   20491   18166   18768    1
  61007   61007   29371   52195    1
  55997   38791   38416   27713    0
  60505   46567   24327   46809    1
  36765   12810   28481   21096    0
  61176   61175   10576    3362    1
   1358       0     647     608    0
  63903   55191    6525   24447    1
  21346   21346    2587   18021    1
  41240   13277   10873   16074    1
   1394       0     135     402    0
  44120   44119    1182     185    1
  64130   64129     649   45700    1
  53312    8695    5530    2455    0
  39665   28423   10481   33650    1
  47266   37768   15774   18901    1
  58036       0    2730   33867    0
   2979       0    2759    2190    0
  10474    8438    7423    7338    0
  23654    4095    7875   13214    0
  34127   19879   23831   27332    1
  40159   40158   25899   31903    1
  29837   29836    7852    2126    1
  64837       0   40751   38986    0
  16115    7787    9113    1507    0
  39540   22714    7827   24983    1
  53268   53268   23324    5598    1
   7556    1083    1026    1155    1
  59202   11910   10043   26962    0
   8533    1431    6552    3435    0
  59665   59665   16990   52378    1
  59067   59067   14176   45642    1
  45282   45282   25654    1846    1
  47287   43295    4181   18483    1
  38606       0   25002   19598    0
   9496    5883    7936    1235    1
   3961    2530    1759    3179    1
  17162   17161    3520   14106    1
  20789   15702   18836     397    1
  25714   11460   22503   16040    0
  12145   12145    9549    4618    1
   8683    4101    1852     704    0
  48140    1957   47691   17059    0
  10746    4440    1678     124    0
  22382   22381    9358   21276    1
  35470   26729     856   15640    1
  36460   15719   25954    4407    1
  13573       0   10133   11918    0
   7237    2126    5456     689    0
  33749    4218   25528   33339    0
  46654   42117   32783    9047    1
  62382   47622   36073   20649    1
  30977    4563   25556   28007    1
  17730    1699   16003   13334    0
  29373       0   23874   17507    0
  56568   37719    5875   33051    1
  56325   56325    3086   16752    1
  51925   51925   16456   25027    1
  37279   18931    6261   27459    0
  46263       0   15159   34303    0
   6099    6099    5881    6019    1
  35321   20366   11648    3011    0
  14157     322   11816   11510    0
  29960    2034   15941   25451    0
  35063   21258    3710   14144    1
  30543   28471   12146   25722    1
  36912       0   22576   33338    0
  34162   34037   21161    4478    1
  46594   44481   16790   21649    1
  37693   18309    3487    1296    0
  51293   18501   18000   17888    0
  59889   50564   54363   11251    1
  21701   21701   19041    5576    1
  49300   41227   16154   17485    1
  25668   12618   25366   10902    1
  54941   47154   31825   38581    1
  39401   39400   32430    9878    1
  15720   15720    1087    2881    1
  28006   11063   23485   12694    0
  38193    5558   32289   13318    0
  19644   17469   16122    6164    1
   3908    2095    3333    2210    0
  10214    3960    3472    6904    1
  47127   12052   31090   38887    1
  57306   57305    8566   42640    1
  11389       0       3    3529    0
  10319   10040    4140     525    1
  39482       0   14838   15129    0
  13144   13144    8467    5262    1
  20379   10899    8961   12795    1
  33759   13992   26245       3    1
   1137     825    1109     700    1
  48884   31513    7338   25123    1
  54305    9511   33744   18451    0
  21137    1555    2056   12635    0
    159     159     144     104    1
  65053       0   40105   28391    0
  18030   10518    8175   12736    1
  60251   55241     158   29066    1
  28134   16176    4624   17282    1
  12030    3484   10388    6016    0
  62342   19585   47040   34917    0
  58066   33780   45604   56156    1
  31821   31821   14121   30996    1
   2938    2938    1124     152    1
  34456   17584   12330   26857    1
  34942       0    4754   18361    0
  45883   42258   21414    8724    1
  40624   13799    8589   28835    0
  17800    1277   14432   15059    1
  63518   52300   11138   22722    1
  28547       0   25469   20145    0
  39820   39820    4690   17960    1
  62708   46326    4884   59409    0
  54008    4828   11418   29211    0
  33483   16457    7722   30324    0
  51252   51252   11557   32058    1
  30399       0    2329   15008    0
  30333   30332   24139    1689    1
  47127   34868   10299    6245    0
  19265   19265   16386   18205    1
   7556    5271    4744    3035    0
  23441   13274   15129     395    1
  21265   17469   15561    2827    1
  56391   21196    9635   38375    0
  15721    8707     113    1105    1
  34604   19516    4445    1359    0
  57585       0   44948   10706    0
  25242   11848    1922    8295    1
  13504       0    2510    6886    0
  42538       0   41769   17352    0
  59137   26208   13627   58982    0
  43160       0   13859   35413    0
  49444   14877   40941   37929    0
  37840       0   25934   11075    0
  27501   27140   22544   10241    1
  39841   33215   28779   13893    1
  41911       0   28999   16289    0
  54905   12007   47703   21404    0
  49343       0   11601   28515    0
  63698   43628   27873   13041    0
  55645       0    1747    6862    0
  40817   40816   31795   17809    1
  53174   14904   17743   48717    0
  29973       0   26862    4993    0
  51136   26318    5235   48844    0
   6828    5306    4642    5774    1
  24164   24164     179    2725    1
  42695       0   12304   22476    0
   2165    1024    1625    1160    0
  29332   29331    2769   14713    1
  52932   24666   40742   29613    0
  10211       0    2458    4013    0
  36471       0    3825   35166    0
   1789     823    1700     230    1
   8065       0    5942    1566    0
  51400   51399   38070    1972    1
   4360    4359    4202    2173    1
  54375   54375   12396   16187    1
  37900   32166    5195   31432    1
  33565    3510   15488   27510    0
  53486   15494   53003    4381    1
  54650   30753   23550   43304    1
  22401   17814     797   15340    1
  17212   17212    4981   14139    1
    274       0     221     140    0
  26467       0    8869   25015    0
  32875   20893    7138    9954    1
  33607    5573    2876   10490    0
  40503   38800   37418   10867    1
  42285   38131   13790   30267    1
  62698   21392   56193   29215    0
  18051     341     277    5738    0
  13181       0   10122    5968    0
  10342    2454   10319    1445    1
  15223    2528     828   11881    0
  44236    5733   23144   25890    1
  64441   37691   29299   36849    1
  60839   30408   21499   12337    0
     92      89      58      73    1
  41881   16463    4738   38684    0
  14557   11372    9044    7768    0
  19531   13832   12699   10988    0
  53747   30434   33135   46989    1
   8820    7821    7950    7245    0
  56021   56021   41182   29323    1
  25127    4442   17042   12302    0
  23449    8454    2279    2568    1
  24879    8298   14075    9621    0
  41146   39368   17908   34405    1
  57811    4061    3379   15477    0
  30088   30088   24192   26612    1
  21448   15795    6441     565    1
   5417    1788    3798    1149    0
  64063   13905   34399   63737    0
  13064    1596    2733    5084    0
  36976    9372   20361   14724    0
  16099       0   15082   15583    0
  32180    7404   30001   31723    1
  29710    4652     587   21727    0
    551      50     512     265    0
    556     233     204     550    0
  30481    5671   29151   21818    0
  54080   25443   14788   49999    0
  23302       0   12583    1164    0
  63880   63879   46576    6523    1
  32559   32558   24667   19622    1
  19615   14815   11742    8825    0
  43749       0   32459   42120    0
  61236    4418    9289    2941    0
    331     253     132     202    1
   2040       0     885     173    0
    840     840     181     476    1
   2446     151    1148    1294    1
  35210       0    6294   28001    0
  15676   10205     679    4649    1
  41490   41489   33941   17269    1
  62443   27796   20341   47559    1
  34983   34983   23633   21168    1
  47060   42529   37513   31334    1
  17056   17055       1   11278    1
   2540       0     295    1700    0
  11853   11853    3720    5038    1
  42153   28570   33358   25955    0
  44654   35557   12453    6042    0
  62621   21521   30729   32485    1
  59371   59371   38254   23789    1
  23832   14052    3953   14913    1
  27369       0   18355   19821    0
   2495     698    1451     580    0
   4753       0    2034     407    0
  27557   27557    8030   13550    1
  21584   21584    5392    2965    1
  40609   35853   20109   34228    1
  10970       0    9309    2071    0
  48479   11406   41426   16010    0
  37297       0   15003   29721    0
   8473    8472    8336    7911    1
  58098   58098   36787   49538    1
  30177   18219    7392   28801    0
  36988   36988   28970   19938    1
  21552       0   13007   18723    0
   8786    7774    3457    8208    1
  20229   20053   15772   12607    1
  21936   15362   18729    2921    1
  35550       0   12899     735    0
  63893   28402    4960   37299    0
  62222   56649   46980   15966    1
  36906       0   21004   12535    0
  15986   15986    2391   13257    1
  15351    9970   10877   12679    1
  62565   18844   47037    7201    0
  12141   10066   11729    7315    1
  46493   29112    9614   29290    1
  44114       0   39709    9905    0
  59754    7030   32716    6819    0
  45809       0   24259   31875    0
  57133   48744   29739   43753    1
  65146    7312   24947   64404    0
  60661    7618   37688   50853    0
   7058    1392    5443     127    0
  42207       0   20058   17174    0
  36343   20772    4108   33463    0
  21502   21502    8934   12393    1
  18542   18541   10073    8982    1
  44593   31063   37243   14010    1
  33181   29396    6159   10359    1
   3120     254     276    2466    0
   1459     156     377    1038    0
  15106    2335   10645    4963    0
  37949   26092   33654     979    1
  40309       0   26513   28152    0
  61257   61257   35200   32929    1
  21448   21447   12108   10877    1
  14376    3534   11650    1612    0
  57762    4693   18270   13674    0
  54180   41299   39099   53555    1
  38631   28941    5033   38124    0
  23341       0   21341   16682    0
  27421       0    2579   12620    0
  40027       0   29687   25425    0
  56993   56993   39259   19480    1
  57674   40133    9028   14188    1
  25684    9928   24532    9005    0
  24655   19392    8567   20031    1
   9962      34    5329    5595    0
  31075   18750   10140   14258    1
  32482   32481   20662    2443    1
  40190   32328   28662   23725    0
  48104   17986   36377   38579    1
  50384   40668    2230   50002    0
  61527   11914   54267   21969    0
  61142   60193   24998   13056    1
  48879       0   26332   21206    0
