# BCMC Matrix random cases (N and C <= 32)
#
# Generated by validation/gen_vectors.py from validation/reference.py
# Seed: 20260731.  Do not edit by hand.
#
# One whole matrix per case:
#
#     N <N> C <C>
#     W <weights>          C numbers
#     O <offsets>          C numbers, from bcmc_core
#     R <bits>             one per row; character 0 is column 0
#     L <occupancies>      N numbers; L(j) = popcount of column j
#

N 15 C 9
W 6 5 6 0 12 0 15 15 8
O 0 6 11 2 2 14 14 14 14
R 111111000000000
R 000000111110000
R 110000000001111
R 000000000000000
R 001111111111110
R 000000000000000
R 111111111111111
R 111111111111111
R 111111100000001
L 5 5 5 5 5 5 5 4 4 4 4 4 4 4 4

N 29 C 4
W 0 15 13 3
O 0 0 15 28
R 00000000000000000000000000000
R 11111111111111100000000000000
R 00000000000000011111111111110
R 11000000000000000000000000001
L 2 2 1 1 1 1 1 1 1 1 1 1 1 1 1 1 1 1 1 1 1 1 1 1 1 1 1 1 1

N 14 C 7
W 4 3 14 14 14 0 7
O 0 4 7 7 7 7 7
R 11110000000000
R 00001110000000
R 11111111111111
R 11111111111111
R 11111111111111
R 00000000000000
R 00000001111111
L 4 4 4 4 4 4 4 4 4 4 4 4 4 4

N 15 C 14
W 8 9 6 2 0 1 0 15 10 0 8 15 10 0
O 0 8 2 8 10 10 11 11 11 6 6 14 14 9
R 111111110000000
R 110000001111111
R 001111110000000
R 000000001100000
R 000000000000000
R 000000000010000
R 000000000000000
R 111111111111111
R 111111000001111
R 000000000000000
R 000000111111110
R 111111111111111
R 111111111000001
R 000000000000000
L 6 6 6 6 6 6 6 6 6 5 5 5 5 5 5

N 8 C 8
W 0 8 2 2 4 2 0 2
O 0 0 0 2 4 0 2 2
R 00000000
R 11111111
R 11000000
R 00110000
R 00001111
R 11000000
R 00000000
R 00110000
L 3 3 3 3 2 2 2 2

N 13 C 18
W 0 12 0 0 7 13 7 10 13 0 13 7 13 0 1 6 13 9
O 0 0 12 12 12 6 6 0 10 10 10 10 4 4 4 5 11 11
R 0000000000000
R 1111111111110
R 0000000000000
R 0000000000000
R 1111110000001
R 1111111111111
R 0000001111111
R 1111111111000
R 1111111111111
R 0000000000000
R 1111111111111
R 1111000000111
R 1111111111111
R 0000000000000
R 0000100000000
R 0000011111100
R 1111111111111
R 1111111000011
L 10 10 10 10 10 10 10 9 9 9 9 9 9

N 16 C 19
W 15 0 0 12 6 16 8 6 5 0 16 16 9 10 0 0 6 16 3
O 0 15 15 15 11 1 1 9 15 4 4 4 4 13 7 7 7 13 13
R 1111111111111110
R 0000000000000000
R 0000000000000000
R 1111111111100001
R 1000000000011111
R 1111111111111111
R 0111111110000000
R 0000000001111110
R 1111000000000001
R 0000000000000000
R 1111111111111111
R 1111111111111111
R 0000111111111000
R 1111111000000111
R 0000000000000000
R 0000000000000000
R 0000000111111000
R 1111111111111111
R 0000000000000111
L 9 9 9 9 9 9 9 9 9 9 9 9 9 9 9 9

N 24 C 31
W 7 24 1 11 4 24 5 0 24 0 24 3 0 11 13 0 0 0 20 17 24 0 24 8 5 9 11 0 17 0 24
O 0 7 7 8 19 23 23 4 4 4 4 4 7 7 18 7 7 7 7 3 20 20 20 20 4 9 18 5 5 22 22
R 111111100000000000000000
R 111111111111111111111111
R 000000010000000000000000
R 000000001111111111100000
R 000000000000000000011110
R 111111111111111111111111
R 111100000000000000000001
R 000000000000000000000000
R 111111111111111111111111
R 000000000000000000000000
R 111111111111111111111111
R 000011100000000000000000
R 000000000000000000000000
R 000000011111111111000000
R 111111100000000000111111
R 000000000000000000000000
R 000000000000000000000000
R 000000000000000000000000
R 111000011111111111111111
R 000111111111111111110000
R 111111111111111111111111
R 000000000000000000000000
R 111111111111111111111111
R 111100000000000000001111
R 000011111000000000000000
R 000000000111111111000000
R 111110000000000000111111
R 000000000000000000000000
R 000001111111111111111100
R 000000000000000000000000
R 111111111111111111111111
L 13 13 13 13 13 13 13 13 13 13 13 13 13 13 13 13 13 13 13 13 13 13 12 12

N 25 C 22
W 0 25 16 25 5 12 6 1 3 12 19 0 17 25 0 3 25 17 1 14 16 17
O 0 0 0 16 16 21 8 14 15 18 5 24 24 16 16 16 19 19 11 12 1 17
R 0000000000000000000000000
R 1111111111111111111111111
R 1111111111111111000000000
R 1111111111111111111111111
R 0000000000000000111110000
R 1111111100000000000001111
R 0000000011111100000000000
R 0000000000000010000000000
R 0000000000000001110000000
R 1111100000000000001111111
R 0000011111111111111111110
R 0000000000000000000000000
R 1111111111111111000000001
R 1111111111111111111111111
R 0000000000000000000000000
R 0000000000000000111000000
R 1111111111111111111111111
R 1111111111100000000111111
R 0000000000010000000000000
R 1000000000001111111111111
R 0111111111111111100000000
R 1111111110000000011111111
L 11 11 11 11 11 11 11 11 11 10 10 10 10 10 10 10 10 10 10 10 10 10 10 10 10

N 29 C 31
W 0 25 0 29 20 0 8 29 16 11 17 8 25 0 0 12 29 12 29 11 29 10 18 0 0 0 29 29 22 0 11
O 0 0 25 25 25 16 16 24 24 11 22 10 18 14 14 14 26 26 9 9 20 20 1 19 19 19 19 19 19 12 12
R 00000000000000000000000000000
R 11111111111111111111111110000
R 00000000000000000000000000000
R 11111111111111111111111111111
R 11111111111111110000000001111
R 00000000000000000000000000000
R 00000000000000001111111100000
R 11111111111111111111111111111
R 11111111111000000000000011111
R 00000000000111111111110000000
R 11111111110000000000001111111
R 00000000001111111100000000000
R 11111111111111000011111111111
R 00000000000000000000000000000
R 00000000000000000000000000000
R 00000000000000111111111111000
R 11111111111111111111111111111
R 11111111100000000000000000111
R 11111111111111111111111111111
R 00000000011111111111000000000
R 11111111111111111111111111111
R 10000000000000000000111111111
R 01111111111111111110000000000
R 00000000000000000000000000000
R 00000000000000000000000000000
R 00000000000000000000000000000
R 11111111111111111111111111111
R 11111111111111111111111111111
R 11111111111100000001111111111
R 00000000000000000000000000000
R 00000000000011111111111000000
L 15 15 15 15 15 15 15 15 15 15 15 15 15 15 15 15 15 15 15 15 15 15 15 14 14 14 14 14 14

N 31 C 5
W 31 31 31 5 31
O 0 0 0 0 5
R 1111111111111111111111111111111
R 1111111111111111111111111111111
R 1111111111111111111111111111111
R 1111100000000000000000000000000
R 1111111111111111111111111111111
L 5 5 5 5 5 4 4 4 4 4 4 4 4 4 4 4 4 4 4 4 4 4 4 4 4 4 4 4 4 4 4

N 14 C 4
W 0 14 14 0
O 0 0 0 0
R 00000000000000
R 11111111111111
R 11111111111111
R 00000000000000
L 2 2 2 2 2 2 2 2 2 2 2 2 2 2

N 17 C 15
W 17 2 17 0 0 17 15 13 17 11 3 16 0 15 0
O 0 0 2 2 2 2 2 0 13 13 7 10 9 9 7
R 11111111111111111
R 11000000000000000
R 11111111111111111
R 00000000000000000
R 00000000000000000
R 11111111111111111
R 00111111111111111
R 11111111111110000
R 11111111111111111
R 11111110000001111
R 00000001110000000
R 11111111101111111
R 00000000000000000
R 11111110011111111
R 00000000000000000
L 9 9 9 9 9 9 9 8 8 8 8 8 8 8 8 8 8

N 17 C 28
W 0 14 13 0 11 17 9 0 3 10 17 11 17 0 8 17 17 14 2 1 11 17 0 17 13 8 16 16
O 0 0 14 10 10 4 4 13 13 16 9 9 3 3 3 11 11 11 8 10 11 5 5 5 5 1 9 8
R 00000000000000000
R 11111111111111000
R 11111111110000111
R 00000000000000000
R 11110000001111111
R 11111111111111111
R 00001111111110000
R 00000000000000000
R 00000000000001110
R 11111111100000001
R 11111111111111111
R 11100000011111111
R 11111111111111111
R 00000000000000000
R 00011111111000000
R 11111111111111111
R 11111111111111111
R 11111111000111111
R 00000000110000000
R 00000000001000000
R 11111000000111111
R 11111111111111111
R 00000000000000000
R 11111111111111111
R 10000111111111111
R 01111111100000000
R 11111111011111111
R 11111110111111111
L 17 17 17 17 17 17 17 16 16 16 16 16 16 16 16 16 16

N 8 C 14
W 0 0 8 8 0 4 0 6 0 0 5 5 1 4
O 0 0 0 0 0 0 4 4 2 2 2 7 4 5
R 00000000
R 00000000
R 11111111
R 11111111
R 00000000
R 11110000
R 00000000
R 11001111
R 00000000
R 00000000
R 00111110
R 11110001
R 00001000
R 10000111
L 6 5 5 5 5 5 5 5

N 14 C 26
W 14 1 6 2 9 0 0 5 14 7 0 3 14 14 5 4 4 12 3 0 7 0 14 14 7 12
O 0 0 1 7 9 4 4 4 9 9 2 2 5 5 5 10 0 4 2 5 5 12 12 12 12 5
R 11111111111111
R 10000000000000
R 01111110000000
R 00000001100000
R 11110000011111
R 00000000000000
R 00000000000000
R 00001111100000
R 11111111111111
R 11000000011111
R 00000000000000
R 00111000000000
R 11111111111111
R 11111111111111
R 00000111110000
R 00000000001111
R 11110000000000
R 11001111111111
R 00111000000000
R 00000000000000
R 00000111111100
R 00000000000000
R 11111111111111
R 11111111111111
R 11111000000011
R 11100111111111
L 13 13 13 12 12 12 12 12 12 12 12 12 12 12

N 10 C 13
W 8 10 10 5 10 2 0 2 10 9 0 9 0
O 0 8 8 8 3 3 5 5 7 7 6 6 5
R 1111111100
R 1111111111
R 1111111111
R 1110000011
R 1111111111
R 0001100000
R 0000000000
R 0000011000
R 1111111111
R 1111110111
R 0000000000
R 1111101111
R 0000000000
L 8 8 8 8 8 7 7 7 7 7

N 31 C 29
W 21 8 31 10 0 0 2 31 5 23 29 26 5 0 31 26 0 0 11 31 10 31 10 11 28 0 25 31 20
O 0 21 29 29 8 8 8 10 10 15 7 5 0 5 5 5 0 0 0 11 11 21 21 0 11 8 8 2 2
R 1111111111111111111110000000000
R 0000000000000000000001111111100
R 1111111111111111111111111111111
R 1111111100000000000000000000011
R 0000000000000000000000000000000
R 0000000000000000000000000000000
R 0000000011000000000000000000000
R 1111111111111111111111111111111
R 0000000000111110000000000000000
R 1111111000000001111111111111111
R 1111100111111111111111111111111
R 0000011111111111111111111111111
R 1111100000000000000000000000000
R 0000000000000000000000000000000
R 1111111111111111111111111111111
R 0000011111111111111111111111111
R 0000000000000000000000000000000
R 0000000000000000000000000000000
R 1111111111100000000000000000000
R 1111111111111111111111111111111
R 0000000000011111111110000000000
R 1111111111111111111111111111111
R 0000000000000000000001111111111
R 1111111111100000000000000000000
R 1111111100011111111111111111111
R 0000000000000000000000000000000
R 1100000011111111111111111111111
R 1111111111111111111111111111111
R 0011111111111111111111000000000
L 15 15 15 15 15 15 15 15 15 15 15 15 15 15 15 15 15 15 15 15 15 15 14 14 14 14 14 14 14 14 14

N 22 C 8
W 0 10 20 1 22 0 22 9
O 0 0 10 8 9 9 9 9
R 0000000000000000000000
R 1111111111000000000000
R 1111111100111111111111
R 0000000010000000000000
R 1111111111111111111111
R 0000000000000000000000
R 1111111111111111111111
R 0000000001111111110000
L 4 4 4 4 4 4 4 4 4 4 4 4 4 4 4 4 4 4 3 3 3 3

N 20 C 6
W 4 20 3 12 20 16
O 0 4 4 7 19 19
R 11110000000000000000
R 11111111111111111111
R 00001110000000000000
R 00000001111111111110
R 11111111111111111111
R 11111111111111100001
L 4 4 4 4 4 4 4 4 4 4 4 4 4 4 4 3 3 3 3 3

N 31 C 23
W 31 31 2 31 22 29 31 7 5 25 25 8 31 26 0 20 0 2 21 15 24 20 27
O 0 0 0 2 2 24 22 22 29 3 28 22 30 30 25 25 14 14 16 6 21 14 3
R 1111111111111111111111111111111
R 1111111111111111111111111111111
R 1100000000000000000000000000000
R 1111111111111111111111111111111
R 0011111111111111111111110000000
R 1111111111111111111111001111111
R 1111111111111111111111111111111
R 0000000000000000000000111111100
R 1110000000000000000000000000011
R 0001111111111111111111111111000
R 1111111111111111111111000000111
R 0000000000000000000000111111110
R 1111111111111111111111111111111
R 1111111111111111111111111000001
R 0000000000000000000000000000000
R 1111111111111100000000000111111
R 0000000000000000000000000000000
R 0000000000000011000000000000000
R 1111110000000000111111111111111
R 0000001111111111111110000000000
R 1111111111111100000001111111111
R 1110000000000011111111111111111
R 0001111111111111111111111111110
L 14 14 14 14 14 14 14 14 14 14 14 14 14 14 14 14 14 14 14 14 14 14 14 14 14 14 14 14 14 14 13

N 30 C 25
W 2 23 30 7 19 30 6 30 2 23 0 0 30 0 26 30 23 18 20 22 30 30 0 30 20
O 0 2 25 25 2 21 21 27 27 29 22 22 22 22 22 18 18 11 29 19 11 11 11 11 11
R 110000000000000000000000000000
R 001111111111111111111111100000
R 111111111111111111111111111111
R 110000000000000000000000011111
R 001111111111111111111000000000
R 111111111111111111111111111111
R 000000000000000000000111111000
R 111111111111111111111111111111
R 000000000000000000000000000110
R 111111111111111111111100000001
R 000000000000000000000000000000
R 000000000000000000000000000000
R 111111111111111111111111111111
R 000000000000000000000000000000
R 111111111111111111000011111111
R 111111111111111111111111111111
R 111111111110000000111111111111
R 000000000001111111111111111110
R 111111111111111111100000000001
R 111111111110000000011111111111
R 111111111111111111111111111111
R 111111111111111111111111111111
R 000000000000000000000000000000
R 111111111111111111111111111111
R 100000000001111111111111111111
L 16 15 15 15 15 15 15 15 15 15 15 15 15 15 15 15 15 15 15 15 15 15 15 15 15 15 15 15 15 15

N 1 C 21
W 1 0 1 1 0 1 0 1 0 0 0 1 1 1 0 1 1 0 1 0 0
O 0 0 0 0 0 0 0 0 0 0 0 0 0 0 0 0 0 0 0 0 0
R 1
R 0
R 1
R 1
R 0
R 1
R 0
R 1
R 0
R 0
R 0
R 1
R 1
R 1
R 0
R 1
R 1
R 0
R 1
R 0
R 0
L 11

N 17 C 0
W 
O 
L 0 0 0 0 0 0 0 0 0 0 0 0 0 0 0 0 0

N 13 C 18
W 10 3 0 13 5 0 1 0 7 1 0 13 8 7 13 2 2 5
O 0 10 0 0 0 5 5 6 6 0 1 1 1 9 3 3 5 7
R 1111111111000
R 0000000000111
R 0000000000000
R 1111111111111
R 1111100000000
R 0000000000000
R 0000010000000
R 0000000000000
R 0000001111111
R 1000000000000
R 0000000000000
R 1111111111111
R 0111111110000
R 1110000001111
R 1111111111111
R 0001100000000
R 0000011000000
R 0000000111110
L 7 7 7 7 7 7 7 7 7 7 7 7 6

N 18 C 4
W 4 16 18 0
O 0 4 2 2
R 111100000000000000
R 110011111111111111
R 111111111111111111
R 000000000000000000
L 3 3 2 2 2 2 2 2 2 2 2 2 2 2 2 2 2 2

N 32 C 18
W 32 28 0 29 31 6 15 0 21 0 32 24 10 13 32 26 32 32
O 0 0 28 28 25 24 30 13 13 2 2 2 26 4 17 17 11 11
R 11111111111111111111111111111111
R 11111111111111111111111111110000
R 00000000000000000000000000000000
R 11111111111111111111111110001111
R 11111111111111111111111101111111
R 00000000000000000000000011111100
R 11111111111110000000000000000011
R 00000000000000000000000000000000
R 11000000000001111111111111111111
R 00000000000000000000000000000000
R 11111111111111111111111111111111
R 00111111111111111111111111000000
R 11110000000000000000000000111111
R 00001111111111111000000000000000
R 11111111111111111111111111111111
R 11111111111000000111111111111111
R 11111111111111111111111111111111
R 11111111111111111111111111111111
L 12 12 12 12 12 12 12 12 12 12 12 11 11 11 11 11 11 11 11 11 11 11 11 11 11 11 11 11 11 11 11 11

N 20 C 14
W 20 16 20 17 14 0 16 20 0 8 3 16 1 20
O 0 0 16 16 13 7 7 3 3 3 11 14 10 11
R 11111111111111111111
R 11111111111111110000
R 11111111111111111111
R 11111111111110001111
R 11111110000001111111
R 00000000000000000000
R 11100001111111111111
R 11111111111111111111
R 00000000000000000000
R 00011111111000000000
R 00000000000111000000
R 11111111110000111111
R 00000000001000000000
R 11111111111111111111
L 9 9 9 9 9 9 9 9 9 9 9 8 8 8 8 8 8 8 8 8

N 20 C 11
W 0 0 19 19 20 0 0 20 20 0 20
O 0 0 0 19 18 18 18 18 18 18 18
R 00000000000000000000
R 00000000000000000000
R 11111111111111111110
R 11111111111111111101
R 11111111111111111111
R 00000000000000000000
R 00000000000000000000
R 11111111111111111111
R 11111111111111111111
R 00000000000000000000
R 11111111111111111111
L 6 6 6 6 6 6 6 6 6 6 6 6 6 6 6 6 6 6 5 5

N 7 C 0
W 
O 
L 0 0 0 0 0 0 0

N 4 C 21
W 2 3 3 3 4 4 0 4 3 3 0 4 4 0 0 0 2 3 2 3 4
O 0 2 1 0 3 3 3 3 3 2 1 1 1 1 1 1 1 3 2 0 3
R 1100
R 1011
R 0111
R 1110
R 1111
R 1111
R 0000
R 1111
R 1101
R 1011
R 0000
R 1111
R 1111
R 0000
R 0000
R 0000
R 0110
R 1101
R 0011
R 1110
R 1111
L 13 13 13 12

N 28 C 31
W 21 18 21 28 6 17 28 11 0 1 0 28 21 17 0 0 9 15 28 28 0 15 28 28 0 23 19 0 20 22 28
O 0 21 11 4 4 10 27 27 10 10 11 11 11 4 21 21 21 2 17 17 17 17 4 4 4 4 27 18 18 10 4
R 1111111111111111111110000000
R 1111111111100000000001111111
R 1111000000011111111111111111
R 1111111111111111111111111111
R 0000111111000000000000000000
R 0000000000111111111111111110
R 1111111111111111111111111111
R 1111111111000000000000000001
R 0000000000000000000000000000
R 0000000000100000000000000000
R 0000000000000000000000000000
R 1111111111111111111111111111
R 1111000000011111111111111111
R 0000111111111111111110000000
R 0000000000000000000000000000
R 0000000000000000000000000000
R 1100000000000000000001111111
R 0011111111111111100000000000
R 1111111111111111111111111111
R 1111111111111111111111111111
R 0000000000000000000000000000
R 1111000000000000011111111111
R 1111111111111111111111111111
R 1111111111111111111111111111
R 0000000000000000000000000000
R 0000111111111111111111111110
R 1111111111111111110000000001
R 0000000000000000000000000000
R 1111111111000000001111111111
R 1111000000111111111111111111
R 1111111111111111111111111111
L 18 18 18 18 17 17 17 17 17 17 17 17 17 17 17 17 17 17 17 17 17 17 17 17 17 17 17 17

N 13 C 1
W 0
O 0
R 0000000000000
L 0 0 0 0 0 0 0 0 0 0 0 0 0

N 19 C 5
W 0 14 19 0 12
O 0 0 14 14 14
R 0000000000000000000
R 1111111111111100000
R 1111111111111111111
R 0000000000000000000
R 1111111000000011111
L 3 3 3 3 3 3 3 2 2 2 2 2 2 2 2 2 2 2 2

N 16 C 16
W 8 3 0 16 13 16 10 5 16 14 7 5 1 14 12 14
O 0 8 11 11 11 8 8 2 7 7 5 12 1 2 0 12
R 1111111100000000
R 0000000011100000
R 0000000000000000
R 1111111111111111
R 1111111100011111
R 1111111111111111
R 1100000011111111
R 0011111000000000
R 1111111111111111
R 1111100111111111
R 0000011111110000
R 1000000000001111
R 0100000000000000
R 0011111111111111
R 1111111111110000
R 1111111111001111
L 10 10 10 10 10 10 10 10 10 10 9 9 9 9 9 9

N 14 C 16
W 8 14 0 14 0 7 14 11 10 0 0 7 10 8 0 12
O 0 8 8 8 8 8 1 1 12 8 8 8 1 11 5 5
R 11111111000000
R 11111111111111
R 00000000000000
R 11111111111111
R 00000000000000
R 10000000111111
R 11111111111111
R 01111111111100
R 11111111000011
R 00000000000000
R 00000000000000
R 10000000111111
R 01111111111000
R 11111000000111
R 00000000000000
R 11100111111111
L 9 9 9 8 8 8 8 8 8 8 8 8 8 8

N 32 C 4
W 23 14 14 0
O 0 23 5 19
R 11111111111111111111111000000000
R 11111000000000000000000111111111
R 00000111111111111110000000000000
R 00000000000000000000000000000000
L 2 2 2 2 2 2 2 2 2 2 2 2 2 2 2 2 2 2 2 1 1 1 1 1 1 1 1 1 1 1 1 1

N 3 C 21
W 0 3 1 2 0 1 2 3 0 3 3 3 3 3 0 3 3 0 3 2 0
O 0 0 0 1 0 0 1 0 0 0 0 0 0 0 0 0 0 0 0 0 2
R 000
R 111
R 100
R 011
R 000
R 100
R 011
R 111
R 000
R 111
R 111
R 111
R 111
R 111
R 000
R 111
R 111
R 000
R 111
R 110
R 000
L 13 13 12

N 30 C 6
W 0 13 14 0 0 30
O 0 0 13 27 27 27
R 000000000000000000000000000000
R 111111111111100000000000000000
R 000000000000011111111111111000
R 000000000000000000000000000000
R 000000000000000000000000000000
R 111111111111111111111111111111
L 2 2 2 2 2 2 2 2 2 2 2 2 2 2 2 2 2 2 2 2 2 2 2 2 2 2 2 1 1 1

N 18 C 31
W 14 11 0 9 0 0 18 18 13 4 0 10 0 0 18 14 8 12 18 6 18 13 6 6 13 0 1 9 18 18 7
O 0 14 7 7 16 16 16 16 16 11 15 15 7 7 7 7 3 11 5 5 11 11 6 12 0 13 13 14 5 5 5
R 111111111111110000
R 111111100000001111
R 000000000000000000
R 000000011111111100
R 000000000000000000
R 000000000000000000
R 111111111111111111
R 111111111111111111
R 111111111110000011
R 000000000001111000
R 000000000000000000
R 111111100000000111
R 000000000000000000
R 000000000000000000
R 111111111111111111
R 111000011111111111
R 000111111110000000
R 111110000001111111
R 111111111111111111
R 000001111110000000
R 111111111111111111
R 111111000001111111
R 000000111111000000
R 000000000000111111
R 111111111111100000
R 000000000000000000
R 000000000000010000
R 111110000000001111
R 111111111111111111
R 111111111111111111
R 000001111111000000
L 16 16 16 16 16 16 16 16 16 16 16 16 15 15 15 15 15 15

N 26 C 9
W 17 9 26 6 23 13 19 13 1
O 0 17 0 0 6 3 16 9 22
R 11111111111111111000000000
R 00000000000000000111111111
R 11111111111111111111111111
R 11111100000000000000000000
R 11100011111111111111111111
R 00011111111111110000000000
R 11111111100000001111111111
R 00000000011111111111110000
R 00000000000000000000001000
L 5 5 5 5 5 5 5 5 5 5 5 5 5 5 5 5 5 5 5 5 5 5 5 4 4 4

N 17 C 23
W 8 0 16 1 13 14 3 12 0 0 17 0 3 17 12 13 17 4 16 0 12 0 14
O 0 8 8 7 8 4 1 4 16 16 16 16 16 2 2 14 10 10 14 13 13 8 8
R 11111111000000000
R 00000000000000000
R 11111110111111111
R 00000001000000000
R 11110000111111111
R 10001111111111111
R 01110000000000000
R 00001111111111110
R 00000000000000000
R 00000000000000000
R 11111111111111111
R 00000000000000000
R 11000000000000001
R 11111111111111111
R 00111111111111000
R 11111111110000111
R 11111111111111111
R 00000000001111000
R 11111111111110111
R 00000000000000000
R 11111111000001111
R 00000000000000000
R 11111000111111111
L 12 12 12 12 12 11 11 11 11 11 11 11 11 11 11 11 11

N 19 C 10
W 19 0 0 0 19 19 1 19 19 0
O 0 0 0 0 0 0 0 1 1 1
R 1111111111111111111
R 0000000000000000000
R 0000000000000000000
R 0000000000000000000
R 1111111111111111111
R 1111111111111111111
R 1000000000000000000
R 1111111111111111111
R 1111111111111111111
R 0000000000000000000
L 6 5 5 5 5 5 5 5 5 5 5 5 5 5 5 5 5 5 5

N 14 C 2
W 6 14
O 0 6
R 11111100000000
R 11111111111111
L 2 2 2 2 2 2 1 1 1 1 1 1 1 1

N 25 C 12
W 25 13 25 17 0 14 12 14 12 25 25 25
O 0 0 13 13 5 5 19 6 20 7 7 7
R 1111111111111111111111111
R 1111111111111000000000000
R 1111111111111111111111111
R 1111100000000111111111111
R 0000000000000000000000000
R 0000011111111111111000000
R 1111110000000000000111111
R 0000001111111111111100000
R 1111111000000000000011111
R 1111111111111111111111111
R 1111111111111111111111111
R 1111111111111111111111111
L 9 9 9 9 9 9 9 8 8 8 8 8 8 8 8 8 8 8 8 8 8 8 8 8 8

N 29 C 2
W 4 23
O 0 4
R 11110000000000000000000000000
R 00001111111111111111111111100
L 1 1 1 1 1 1 1 1 1 1 1 1 1 1 1 1 1 1 1 1 1 1 1 1 1 1 1 0 0

N 29 C 0
W 
O 
L 0 0 0 0 0 0 0 0 0 0 0 0 0 0 0 0 0 0 0 0 0 0 0 0 0 0 0 0 0

N 12 C 4
W 0 7 12 0
O 0 0 7 7
R 000000000000
R 111111100000
R 111111111111
R 000000000000
L 2 2 2 2 2 2 2 1 1 1 1 1

N 12 C 25
W 7 0 11 7 0 12 0 0 12 8 11 0 1 0 10 12 6 9 12 11 12 8 7 0 0
O 0 7 7 6 1 1 1 1 1 1 9 8 8 9 9 7 7 1 10 10 9 9 5 0 0
R 111111100000
R 000000000000
R 111111011111
R 100000111111
R 000000000000
R 111111111111
R 000000000000
R 000000000000
R 111111111111
R 011111111000
R 111111110111
R 000000000000
R 000000001000
R 000000000000
R 111111100111
R 111111111111
R 100000011111
R 011111111100
R 111111111111
R 111111111011
R 111111111111
R 111110000111
R 000001111111
R 000000000000
R 000000000000
L 13 13 13 13 13 13 13 13 13 13 13 13

N 6 C 9
W 6 1 6 5 1 1 4 4 3
O 0 0 1 1 0 1 2 0 4
R 111111
R 100000
R 111111
R 011111
R 100000
R 010000
R 001111
R 111100
R 100011
L 6 5 5 5 5 5

N 10 C 12
W 3 10 6 1 0 3 7 6 10 10 0 10
O 0 3 3 9 0 0 3 0 6 6 6 6
R 1110000000
R 1111111111
R 0001111110
R 0000000001
R 0000000000
R 1110000000
R 0001111111
R 1111110000
R 1111111111
R 1111111111
R 0000000000
R 1111111111
L 7 7 7 7 7 7 6 6 6 6

N 8 C 15
W 7 8 8 7 0 0 8 3 4 4 7 5 0 4 8
O 0 7 7 7 6 6 6 6 1 5 1 0 5 5 1
R 11111110
R 11111111
R 11111111
R 11111101
R 00000000
R 00000000
R 11111111
R 10000011
R 01111000
R 10000111
R 01111111
R 11111000
R 00000000
R 10000111
R 11111111
L 10 9 9 9 9 9 9 9

N 14 C 25
W 0 0 4 14 13 12 0 14 8 13 0 3 0 14 5 0 4 0 0 0 0 7 14 14 2
O 0 0 0 4 4 3 1 1 1 9 8 8 11 11 11 2 2 6 6 6 6 6 13 13 13
R 00000000000000
R 00000000000000
R 11110000000000
R 11111111111111
R 11101111111111
R 10011111111111
R 00000000000000
R 11111111111111
R 01111111100000
R 11111111011111
R 00000000000000
R 00000000111000
R 00000000000000
R 11111111111111
R 11000000000111
R 00000000000000
R 00111100000000
R 00000000000000
R 00000000000000
R 00000000000000
R 00000000000000
R 00000011111110
R 11111111111111
R 11111111111111
R 10000000000001
L 11 10 10 10 10 10 10 10 10 10 10 10 10 10

N 28 C 4
W 27 0 28 28
O 0 27 27 27
R 1111111111111111111111111110
R 0000000000000000000000000000
R 1111111111111111111111111111
R 1111111111111111111111111111
L 3 3 3 3 3 3 3 3 3 3 3 3 3 3 3 3 3 3 3 3 3 3 3 3 3 3 3 2

N 11 C 12
W 9 6 11 8 11 1 5 7 11 4 0 1
O 0 9 4 4 1 1 2 7 3 3 7 7
R 11111111100
R 11110000011
R 11111111111
R 10001111111
R 11111111111
R 01000000000
R 00111110000
R 11100001111
R 11111111111
R 00011110000
R 00000000000
R 00000001000
L 7 7 7 7 7 7 7 7 6 6 6

N 21 C 3
W 0 8 19
O 0 0 8
R 000000000000000000000
R 111111110000000000000
R 111111001111111111111
L 2 2 2 2 2 2 1 1 1 1 1 1 1 1 1 1 1 1 1 1 1

N 3 C 32
W 3 3 2 0 0 2 3 0 0 0 3 0 2 3 3 1 3 2 1 2 0 0 0 0 2 3 0 0 2 0 2 0
O 0 0 0 2 2 2 1 1 1 1 1 1 1 0 0 0 1 1 0 1 0 0 0 0 0 2 2 2 2 1 1 0
R 111
R 111
R 110
R 000
R 000
R 101
R 111
R 000
R 000
R 000
R 111
R 000
R 011
R 111
R 111
R 100
R 111
R 011
R 100
R 011
R 000
R 000
R 000
R 000
R 110
R 111
R 000
R 000
R 101
R 000
R 011
R 000
L 14 14 14

N 16 C 28
W 16 7 8 16 16 15 16 0 16 0 6 16 10 14 16 16 15 9 11 4 0 0 3 0 16 0 16 0
O 0 0 7 15 15 15 14 14 14 14 14 4 4 14 12 12 12 11 4 15 3 3 3 6 6 6 6 6
R 1111111111111111
R 1111111000000000
R 0000000111111110
R 1111111111111111
R 1111111111111111
R 1111111111111101
R 1111111111111111
R 0000000000000000
R 1111111111111111
R 0000000000000000
R 1111000000000011
R 1111111111111111
R 0000111111111100
R 1111111111110011
R 1111111111111111
R 1111111111111111
R 1111111111101111
R 1111000000011111
R 0000111111111110
R 1110000000000001
R 0000000000000000
R 0000000000000000
R 0001110000000000
R 0000000000000000
R 1111111111111111
R 0000000000000000
R 1111111111111111
R 0000000000000000
L 17 17 17 17 17 17 16 16 16 16 16 16 16 16 16 16

N 19 C 1
W 16
O 0
R 1111111111111111000
L 1 1 1 1 1 1 1 1 1 1 1 1 1 1 1 1 0 0 0

N 4 C 10
W 4 0 0 0 0 2 1 1 4 3
O 0 0 0 0 0 0 2 3 0 0
R 1111
R 0000
R 0000
R 0000
R 0000
R 1100
R 0010
R 0001
R 1111
R 1110
L 4 4 4 3

N 20 C 26
W 9 18 14 20 17 10 5 20 8 7 20 13 17 0 0 19 14 2 20 0 6 0 0 5 20 13
O 0 9 7 1 1 18 8 13 13 1 8 8 1 18 18 18 17 11 13 13 13 19 19 19 4 4
R 11111111100000000000
R 11111110011111111111
R 10000001111111111111
R 11111111111111111111
R 01111111111111111100
R 11111111000000000011
R 00000000111110000000
R 11111111111111111111
R 10000000000001111111
R 01111111000000000000
R 11111111111111111111
R 10000000111111111111
R 01111111111111111100
R 00000000000000000000
R 00000000000000000000
R 11111111111111111011
R 11111111111000000111
R 00000000000110000000
R 11111111111111111111
R 00000000000000000000
R 00000000000001111110
R 00000000000000000000
R 00000000000000000000
R 11110000000000000001
R 11111111111111111111
R 00001111111111111000
L 14 14 14 14 14 14 14 14 14 14 14 14 14 14 14 14 14 13 13 13

N 8 C 27
W 7 4 5 0 4 8 8 8 1 0 3 0 8 4 8 7 0 0 8 1 1 7 0 0 7 6 1
O 0 7 3 0 0 4 4 4 4 5 5 0 0 0 4 4 3 3 3 3 4 5 4 4 4 3 1
R 11111110
R 11100001
R 00011111
R 00000000
R 11110000
R 11111111
R 11111111
R 11111111
R 00001000
R 00000000
R 00000111
R 00000000
R 11111111
R 11110000
R 11111111
R 11101111
R 00000000
R 00000000
R 11111111
R 00010000
R 00001000
R 11110111
R 00000000
R 00000000
R 11101111
R 10011111
R 01000000
L 14 14 13 13 13 13 13 13

N 26 C 8
W 0 26 8 26 7 0 25 0
O 0 0 0 8 8 15 15 14
R 00000000000000000000000000
R 11111111111111111111111111
R 11111111000000000000000000
R 11111111111111111111111111
R 00000000111111100000000000
R 00000000000000000000000000
R 11111111111111011111111111
R 00000000000000000000000000
L 4 4 4 4 4 4 4 4 4 4 4 4 4 4 3 3 3 3 3 3 3 3 3 3 3 3

N 21 C 19
W 19 14 10 0 0 8 0 0 0 12 21 0 7 2 5 21 21 1 0
O 0 19 12 1 1 1 9 9 9 9 0 0 0 7 9 14 14 14 15
R 111111111111111111100
R 111111111111000000011
R 100000000000111111111
R 000000000000000000000
R 000000000000000000000
R 011111111000000000000
R 000000000000000000000
R 000000000000000000000
R 000000000000000000000
R 000000000111111111111
R 111111111111111111111
R 000000000000000000000
R 111111100000000000000
R 000000011000000000000
R 000000000111110000000
R 111111111111111111111
R 111111111111111111111
R 000000000000001000000
R 000000000000000000000
L 7 7 7 7 7 7 7 7 7 7 7 7 7 7 7 6 6 6 6 6 6

N 31 C 5
W 13 28 0 17 8
O 0 13 10 10 27
R 1111111111111000000000000000000
R 1111111111000111111111111111111
R 0000000000000000000000000000000
R 0000000000111111111111111110000
R 1111000000000000000000000001111
L 3 3 3 3 2 2 2 2 2 2 2 2 2 2 2 2 2 2 2 2 2 2 2 2 2 2 2 2 2 2 2

N 31 C 25
W 15 4 14 15 5 18 15 31 6 3 0 26 31 0 0 31 15 20 23 31 30 0 3 6 31
O 0 15 19 2 17 22 9 24 24 30 2 2 28 28 28 28 28 12 1 24 24 23 23 26 1
R 1111111111111110000000000000000
R 0000000000000001111000000000000
R 1100000000000000000111111111111
R 0011111111111111100000000000000
R 0000000000000000011111000000000
R 1111111110000000000000111111111
R 0000000001111111111111110000000
R 1111111111111111111111111111111
R 0000000000000000000000001111110
R 1100000000000000000000000000001
R 0000000000000000000000000000000
R 0011111111111111111111111111000
R 1111111111111111111111111111111
R 0000000000000000000000000000000
R 0000000000000000000000000000000
R 1111111111111111111111111111111
R 1111111111110000000000000000111
R 1000000000001111111111111111111
R 0111111111111111111111110000000
R 1111111111111111111111111111111
R 1111111111111111111111101111111
R 0000000000000000000000000000000
R 0000000000000000000000011100000
R 1000000000000000000000000011111
R 1111111111111111111111111111111
L 13 12 12 12 12 12 12 12 12 12 12 12 12 12 12 12 12 12 12 12 12 12 12 12 12 12 12 12 12 12 12

N 29 C 9
W 13 18 5 0 0 0 0 0 21
O 0 13 2 7 7 7 7 7 7
R 11111111111110000000000000000
R 11000000000001111111111111111
R 00111110000000000000000000000
R 00000000000000000000000000000
R 00000000000000000000000000000
R 00000000000000000000000000000
R 00000000000000000000000000000
R 00000000000000000000000000000
R 00000001111111111111111111110
L 2 2 2 2 2 2 2 2 2 2 2 2 2 2 2 2 2 2 2 2 2 2 2 2 2 2 2 2 1

N 7 C 30
W 0 5 0 0 0 1 7 4 0 7 4 5 7 7 5 7 0 7 0 0 0 0 0 4 0 5 1 0 4 7
O 0 0 5 5 5 5 6 6 3 3 3 0 5 5 5 3 3 3 3 3 3 3 3 3 0 0 5 6 6 3
R 0000000
R 1111100
R 0000000
R 0000000
R 0000000
R 0000010
R 1111111
R 1110001
R 0000000
R 1111111
R 0001111
R 1111100
R 1111111
R 1111111
R 1110011
R 1111111
R 0000000
R 1111111
R 0000000
R 0000000
R 0000000
R 0000000
R 0000000
R 0001111
R 0000000
R 1111100
R 0000010
R 0000000
R 1110001
R 1111111
L 13 13 13 12 12 12 12

N 25 C 16
W 25 0 9 0 25 0 15 3 12 25 3 5 25 21 25 0
O 0 0 0 9 9 9 9 24 2 14 14 17 22 22 18 18
R 1111111111111111111111111
R 0000000000000000000000000
R 1111111110000000000000000
R 0000000000000000000000000
R 1111111111111111111111111
R 0000000000000000000000000
R 0000000001111111111111110
R 1100000000000000000000001
R 0011111111111100000000000
R 1111111111111111111111111
R 0000000000000011100000000
R 0000000000000000011111000
R 1111111111111111111111111
R 1111111111111111110000111
R 1111111111111111111111111
R 0000000000000000000000000
L 8 8 8 8 8 8 8 8 8 8 8 8 8 8 8 8 8 8 7 7 7 7 7 7 7

N 1 C 31
W 0 0 0 0 1 1 0 1 1 1 1 1 0 1 0 1 0 0 0 1 1 0 0 0 0 0 0 0 1 1 0
O 0 0 0 0 0 0 0 0 0 0 0 0 0 0 0 0 0 0 0 0 0 0 0 0 0 0 0 0 0 0 0
R 0
R 0
R 0
R 0
R 1
R 1
R 0
R 1
R 1
R 1
R 1
R 1
R 0
R 1
R 0
R 1
R 0
R 0
R 0
R 1
R 1
R 0
R 0
R 0
R 0
R 0
R 0
R 0
R 1
R 1
R 0
L 13

N 12 C 7
W 12 2 0 0 12 0 0
O 0 0 2 2 2 2 2
R 111111111111
R 110000000000
R 000000000000
R 000000000000
R 111111111111
R 000000000000
R 000000000000
L 3 3 2 2 2 2 2 2 2 2 2 2

N 22 C 22
W 0 0 0 22 13 0 22 4 16 0 22 6 13 16 2 0 0 0 0 0 20 22
O 0 0 0 0 0 13 13 13 17 11 11 11 17 8 2 4 4 4 4 4 4 2
R 0000000000000000000000
R 0000000000000000000000
R 0000000000000000000000
R 1111111111111111111111
R 1111111111111000000000
R 0000000000000000000000
R 1111111111111111111111
R 0000000000000111100000
R 1111111111100000011111
R 0000000000000000000000
R 1111111111111111111111
R 0000000000011111100000
R 1111111100000000011111
R 1100000011111111111111
R 0011000000000000000000
R 0000000000000000000000
R 0000000000000000000000
R 0000000000000000000000
R 0000000000000000000000
R 0000000000000000000000
R 1100111111111111111111
R 1111111111111111111111
L 9 9 8 8 8 8 8 8 8 8 8 8 8 8 8 8 8 8 8 8 8 8

N 8 C 29
W 8 8 2 8 0 6 0 7 7 6 0 0 8 4 5 0 4 0 1 7 8 2 2 0 0 2 5 8 5
O 0 0 0 2 2 2 0 0 7 6 4 4 4 4 0 5 5 1 1 2 1 1 3 5 5 5 7 4 4
R 11111111
R 11111111
R 11000000
R 11111111
R 00000000
R 00111111
R 00000000
R 11111110
R 11111101
R 11110011
R 00000000
R 00000000
R 11111111
R 00001111
R 11111000
R 00000000
R 10000111
R 00000000
R 01000000
R 10111111
R 11111111
R 01100000
R 00011000
R 00000000
R 00000000
R 00000110
R 11110001
R 11111111
R 10001111
L 15 14 14 14 14 14 14 14

N 10 C 1
W 5
O 0
R 1111100000
L 1 1 1 1 1 0 0 0 0 0

N 4 C 28
W 1 0 2 4 4 4 2 4 4 1 0 3 0 0 3 0 2 2 4 0 4 1 3 0 1 1 1 3
O 0 1 1 3 3 3 3 1 1 1 2 2 1 1 1 0 0 2 0 0 0 0 1 0 0 1 2 3
R 1000
R 0000
R 0110
R 1111
R 1111
R 1111
R 1001
R 1111
R 1111
R 0100
R 0000
R 1011
R 0000
R 0000
R 0111
R 0000
R 1100
R 0011
R 1111
R 0000
R 1111
R 1000
R 0111
R 0000
R 1000
R 0100
R 0010
R 1101
L 14 14 13 13

N 10 C 21
W 3 2 0 0 4 10 10 1 6 9 0 2 10 0 10 2 5 0 7 5 5
O 0 3 5 5 5 9 9 9 0 6 5 5 7 7 7 7 9 4 4 1 6
R 1110000000
R 0001100000
R 0000000000
R 0000000000
R 0000011110
R 1111111111
R 1111111111
R 0000000001
R 1111110000
R 1111101111
R 0000000000
R 0000011000
R 1111111111
R 0000000000
R 1111111111
R 0000000110
R 1111000001
R 0000000000
R 1000111111
R 0111110000
R 1000001111
L 10 9 9 9 9 9 9 9 9 9

N 5 C 32
W 0 2 0 5 0 0 4 4 5 0 3 5 2 3 5 5 5 5 5 2 5 1 0 0 1 5 0 3 0 2 0 0
O 0 0 2 2 2 2 2 1 0 0 0 3 3 0 3 3 3 3 3 3 0 0 1 1 1 2 2 2 0 0 2 2
R 00000
R 11000
R 00000
R 11111
R 00000
R 00000
R 10111
R 01111
R 11111
R 00000
R 11100
R 11111
R 00011
R 11100
R 11111
R 11111
R 11111
R 11111
R 11111
R 00011
R 11111
R 10000
R 00000
R 00000
R 01000
R 11111
R 00000
R 00111
R 00000
R 11000
R 00000
R 00000
L 16 16 15 15 15

N 11 C 11
W 2 5 0 7 8 10 11 7 1 11 11
O 0 2 7 7 3 0 10 10 6 7 7
R 11000000000
R 00111110000
R 00000000000
R 11100001111
R 00011111111
R 11111111110
R 11111111111
R 11111100001
R 00000010000
R 11111111111
R 11111111111
L 7 7 7 7 7 7 7 6 6 6 6

N 19 C 26
W 16 14 0 0 0 17 19 16 16 14 14 15 19 19 0 9 19 19 5 0 19 19 11 0 0 3
O 0 16 11 11 11 11 9 9 6 3 17 12 8 8 8 8 17 17 17 3 3 3 3 14 14 14
R 1111111111111111000
R 1111111111100000111
R 0000000000000000000
R 0000000000000000000
R 0000000000000000000
R 1111111110011111111
R 1111111111111111111
R 1111110001111111111
R 1110001111111111111
R 0001111111111111100
R 1111111111110000011
R 1111111100001111111
R 1111111111111111111
R 1111111111111111111
R 0000000000000000000
R 0000000011111111100
R 1111111111111111111
R 1111111111111111111
R 1110000000000000011
R 0000000000000000000
R 1111111111111111111
R 1111111111111111111
R 0001111111111100000
R 0000000000000000000
R 0000000000000000000
R 0000000000000011100
L 15 15 15 15 15 15 15 15 15 15 15 15 15 15 15 15 15 14 14

N 23 C 12
W 22 9 16 20 18 23 8 0 0 14 0 18
O 0 22 8 1 21 16 16 1 1 1 15 15
R 11111111111111111111110
R 11111111000000000000001
R 10000000111111111111111
R 01111111111111111111100
R 11111111111111110000011
R 11111111111111111111111
R 10000000000000001111111
R 00000000000000000000000
R 00000000000000000000000
R 01111111111111100000000
R 00000000000000000000000
R 11111111110000011111111
L 7 7 7 7 7 7 7 7 7 7 6 6 6 6 6 6 6 6 6 6 6 6 6

N 31 C 23
W 5 22 6 31 1 20 0 20 0 30 17 30 31 9 18 31 12 30 24 6 15 31 31
O 0 5 27 2 2 3 23 23 12 12 11 28 27 27 5 23 23 4 3 27 2 17 17
R 1111100000000000000000000000000
R 0000011111111111111111111110000
R 1100000000000000000000000001111
R 1111111111111111111111111111111
R 0010000000000000000000000000000
R 0001111111111111111111100000000
R 0000000000000000000000000000000
R 1111111111110000000000011111111
R 0000000000000000000000000000000
R 1111111111101111111111111111111
R 0000000000011111111111111111000
R 1111111111111111111111111110111
R 1111111111111111111111111111111
R 1111100000000000000000000001111
R 0000011111111111111111100000000
R 1111111111111111111111111111111
R 1111000000000000000000011111111
R 1110111111111111111111111111111
R 0001111111111111111111111110000
R 1100000000000000000000000001111
R 0011111111111111100000000000000
R 1111111111111111111111111111111
R 1111111111111111111111111111111
L 14 14 14 14 14 14 14 14 14 14 14 14 14 14 14 14 14 13 13 13 13 13 13 13 13 13 13 13 13 13 13

N 24 C 10
W 24 20 22 0 0 18 22 0 0 1
O 0 0 20 18 18 18 12 10 10 10
R 111111111111111111111111
R 111111111111111111110000
R 111111111111111111001111
R 000000000000000000000000
R 000000000000000000000000
R 111111111111000000111111
R 111111111100111111111111
R 000000000000000000000000
R 000000000000000000000000
R 000000000010000000000000
L 5 5 5 5 5 5 5 5 5 5 5 4 4 4 4 4 4 4 4 4 4 4 4 4

N 5 C 22
W 0 5 5 3 5 5 0 0 0 1 5 2 5 5 0 2 3 0 3 4 3 5
O 0 0 0 0 3 3 3 3 3 3 4 4 1 1 1 1 3 1 1 4 3 1
R 00000
R 11111
R 11111
R 11100
R 11111
R 11111
R 00000
R 00000
R 00000
R 00010
R 11111
R 10001
R 11111
R 11111
R 00000
R 01100
R 10011
R 00000
R 01110
R 11101
R 10011
R 11111
L 13 12 12 12 12

N 31 C 4
W 28 0 10 27
O 0 28 28 7
R 1111111111111111111111111111000
R 0000000000000000000000000000000
R 1111111000000000000000000000111
R 1110000111111111111111111111111
L 3 3 3 2 2 2 2 2 2 2 2 2 2 2 2 2 2 2 2 2 2 2 2 2 2 2 2 2 2 2 2

N 17 C 9
W 1 5 4 11 0 9 0 11 15
O 0 1 6 10 4 4 13 13 7
R 10000000000000000
R 01111100000000000
R 00000011110000000
R 11110000001111111
R 00000000000000000
R 00001111111110000
R 00000000000000000
R 11111110000001111
R 11111001111111111
L 4 4 4 4 4 3 3 3 3 3 3 3 3 3 3 3 3

N 32 C 24
W 0 0 18 22 10 32 16 5 32 32 0 6 32 0 8 32 0 32 0 3 0 0 29 29
O 0 0 0 18 8 18 18 2 7 7 7 7 13 13 13 21 21 21 21 21 24 24 24 21
R 00000000000000000000000000000000
R 00000000000000000000000000000000
R 11111111111111111100000000000000
R 11111111000000000011111111111111
R 00000000111111111100000000000000
R 11111111111111111111111111111111
R 11000000000000000011111111111111
R 00111110000000000000000000000000
R 11111111111111111111111111111111
R 11111111111111111111111111111111
R 00000000000000000000000000000000
R 00000001111110000000000000000000
R 11111111111111111111111111111111
R 00000000000000000000000000000000
R 00000000000001111111100000000000
R 11111111111111111111111111111111
R 00000000000000000000000000000000
R 11111111111111111111111111111111
R 00000000000000000000000000000000
R 00000000000000000000011100000000
R 00000000000000000000000000000000
R 00000000000000000000000000000000
R 11111111111111111111100011111111
R 11111111111111111100011111111111
L 11 11 11 11 11 11 11 11 11 11 11 11 11 11 11 11 11 11 10 10 10 10 10 10 10 10 10 10 10 10 10 10

N 10 C 18
W 8 7 4 9 1 7 0 0 4 0 10 7 0 5 1 10 3 0
O 0 8 5 9 8 9 6 6 6 0 0 0 7 7 2 3 3 6
R 1111111100
R 1111100011
R 0000011110
R 1111111101
R 0000000010
R 1111110001
R 0000000000
R 0000000000
R 0000001111
R 0000000000
R 1111111111
R 1111111000
R 0000000000
R 1100000111
R 0010000000
R 1111111111
R 0001110000
R 0000000000
L 8 8 8 8 8 8 7 7 7 7

N 30 C 18
W 1 2 10 0 30 16 16 30 1 0 7 30 30 27 30 22 8 29
O 0 1 3 13 13 13 29 15 15 16 16 23 23 23 20 20 12 20
R 100000000000000000000000000000
R 011000000000000000000000000000
R 000111111111100000000000000000
R 000000000000000000000000000000
R 111111111111111111111111111111
R 000000000000011111111111111110
R 111111111111111000000000000001
R 111111111111111111111111111111
R 000000000000000100000000000000
R 000000000000000000000000000000
R 000000000000000011111110000000
R 111111111111111111111111111111
R 111111111111111111111111111111
R 111111111111111111110001111111
R 111111111111111111111111111111
R 111111111111000000001111111111
R 000000000000111111110000000000
R 111111111111111111101111111111
L 10 10 10 10 10 10 10 10 10 10 10 10 10 10 10 10 10 10 10 9 9 9 9 9 9 9 9 9 9 9

N 30 C 25
W 30 15 30 28 30 8 0 30 25 30 0 18 21 0 10 30 29 28 29 0 0 30 30 13 26
O 0 0 15 15 13 13 21 21 21 16 16 16 4 25 25 5 5 4 2 1 1 1 1 1 14
R 111111111111111111111111111111
R 111111111111111000000000000000
R 111111111111111111111111111111
R 111111111111100111111111111111
R 111111111111111111111111111111
R 000000000000011111111000000000
R 000000000000000000000000000000
R 111111111111111111111111111111
R 111111111111111100000111111111
R 111111111111111111111111111111
R 000000000000000000000000000000
R 111100000000000011111111111111
R 000011111111111111111111100000
R 000000000000000000000000000000
R 111110000000000000000000011111
R 111111111111111111111111111111
R 111101111111111111111111111111
R 110011111111111111111111111111
R 101111111111111111111111111111
R 000000000000000000000000000000
R 000000000000000000000000000000
R 111111111111111111111111111111
R 111111111111111111111111111111
R 011111111111110000000000000000
R 111111111100001111111111111111
L 17 17 17 17 17 17 17 17 17 17 16 16 16 16 16 16 16 16 16 16 16 16 16 16 16 16 16 16 16 16

N 5 C 22
W 1 5 0 0 1 0 5 5 0 2 5 0 5 4 5 0 4 1 0 5 5 1
O 0 1 1 1 1 2 2 2 2 2 4 4 4 4 3 3 3 2 3 3 3 3
R 10000
R 11111
R 00000
R 00000
R 01000
R 00000
R 11111
R 11111
R 00000
R 00110
R 11111
R 00000
R 11111
R 11101
R 11111
R 00000
R 11011
R 00100
R 00000
R 11111
R 11111
R 00010
L 11 11 11 11 10

N 13 C 28
W 13 2 12 13 1 0 11 0 0 0 4 13 0 0 7 9 0 10 13 11 13 9 3 3 7 0 6 0
O 0 0 2 1 1 2 2 0 0 0 0 4 4 4 4 11 7 7 4 4 2 2 11 1 4 11 11 4
R 1111111111111
R 1100000000000
R 1011111111111
R 1111111111111
R 0100000000000
R 0000000000000
R 0011111111111
R 0000000000000
R 0000000000000
R 0000000000000
R 1111000000000
R 1111111111111
R 0000000000000
R 0000000000000
R 0000111111100
R 1111111000011
R 0000000000000
R 1111000111111
R 1111111111111
R 1100111111111
R 1111111111111
R 0011111111100
R 1000000000011
R 0111000000000
R 0000111111100
R 0000000000000
R 1111000000011
R 0000000000000
L 13 13 13 13 12 12 12 12 12 12 12 12 12

N 20 C 14
W 20 11 16 0 14 0 16 0 12 0 11 20 2 20
O 0 0 11 7 7 1 1 17 17 9 9 0 0 2
R 11111111111111111111
R 11111111111000000000
R 11111110000111111111
R 00000000000000000000
R 10000001111111111111
R 00000000000000000000
R 01111111111111111000
R 00000000000000000000
R 11111111100000000111
R 00000000000000000000
R 00000000011111111111
R 11111111111111111111
R 11000000000000000000
R 11111111111111111111
L 8 8 7 7 7 7 7 7 7 7 7 7 7 7 7 7 7 7 7 7

N 28 C 5
W 0 28 10 23 18
O 0 0 0 10 5
R 0000000000000000000000000000
R 1111111111111111111111111111
R 1111111111000000000000000000
R 1111100000111111111111111111
R 0000011111111111111111100000
L 3 3 3 3 3 3 3 3 3 3 3 3 3 3 3 3 3 3 3 3 3 3 3 2 2 2 2 2

N 8 C 6
W 0 8 8 1 4 7
O 0 0 0 0 1 5
R 00000000
R 11111111
R 11111111
R 10000000
R 01111000
R 11110111
L 4 4 4 4 3 3 3 3

N 22 C 21
W 21 0 8 12 22 4 19 3 0 0 22 3 0 18 22 22 0 1 20 0 12
O 0 21 21 7 19 19 1 20 1 1 1 1 4 4 0 0 0 0 1 21 21
R 1111111111111111111110
R 0000000000000000000000
R 1111111000000000000001
R 0000000111111111111000
R 1111111111111111111111
R 1000000000000000000111
R 0111111111111111111100
R 1000000000000000000011
R 0000000000000000000000
R 0000000000000000000000
R 1111111111111111111111
R 0111000000000000000000
R 0000000000000000000000
R 0000111111111111111111
R 1111111111111111111111
R 1111111111111111111111
R 0000000000000000000000
R 1000000000000000000000
R 0111111111111111111110
R 0000000000000000000000
R 1111111111100000000001
L 10 10 10 10 10 10 10 10 10 10 10 9 9 9 9 9 9 9 9 9 9 9

N 12 C 28
W 0 11 12 12 7 0 4 3 11 7 10 7 12 1 6 6 1 10 1 8 12 0 10 1 6 12 0 5
O 0 0 11 11 11 6 6 10 1 0 7 5 0 0 1 7 1 2 0 1 9 9 9 7 8 2 2 2
R 000000000000
R 111111111110
R 111111111111
R 111111111111
R 111111000001
R 000000000000
R 000000111100
R 100000000011
R 011111111111
R 111111100000
R 111110011111
R 000001111111
R 111111111111
R 100000000000
R 011111100000
R 100000011111
R 010000000000
R 001111111111
R 100000000000
R 011111111000
R 111111111111
R 000000000000
R 111111100111
R 000000010000
R 110000001111
R 111111111111
R 000000000000
R 001111100000
L 15 15 15 15 15 15 15 14 14 14 14 14

N 11 C 17
W 0 9 9 0 11 3 4 1 6 8 0 11 10 4 9 2 0
O 0 0 9 7 7 7 10 3 4 10 7 7 7 6 10 8 10
R 00000000000
R 11111111100
R 11111110011
R 00000000000
R 11111111111
R 00000001110
R 11100000001
R 00010000000
R 00001111110
R 11111110001
R 00000000000
R 11111111111
R 11111101111
R 00000011110
R 11111111001
R 00000000110
R 00000000000
L 8 8 8 8 8 8 8 8 8 8 7

N 29 C 15
W 0 0 6 15 29 14 20 0 0 29 0 25 29 12 26
O 0 0 0 6 21 21 6 26 26 26 26 26 22 22 5
R 00000000000000000000000000000
R 00000000000000000000000000000
R 11111100000000000000000000000
R 00000011111111111111100000000
R 11111111111111111111111111111
R 11111100000000000000011111111
R 00000011111111111111111111000
R 00000000000000000000000000000
R 00000000000000000000000000000
R 11111111111111111111111111111
R 00000000000000000000000000000
R 11111111111111111111110000111
R 11111111111111111111111111111
R 11111000000000000000001111111
R 11000111111111111111111111111
L 8 8 7 7 7 7 7 7 7 7 7 7 7 7 7 7 7 7 7 7 7 7 7 7 7 7 7 7 7

N 19 C 26
W 19 9 19 15 1 0 15 0 19 10 0 19 7 3 0 19 19 19 19 6 19 7 7 19 19 4
O 0 0 9 9 5 6 6 2 2 2 12 12 12 0 3 3 3 3 3 3 9 9 16 4 4 4
R 1111111111111111111
R 1111111110000000000
R 1111111111111111111
R 1111100001111111111
R 0000010000000000000
R 0000000000000000000
R 1100001111111111111
R 0000000000000000000
R 1111111111111111111
R 0011111111110000000
R 0000000000000000000
R 1111111111111111111
R 0000000000001111111
R 1110000000000000000
R 0000000000000000000
R 1111111111111111111
R 1111111111111111111
R 1111111111111111111
R 1111111111111111111
R 0001111110000000000
R 1111111111111111111
R 0000000001111111000
R 1111000000000000111
R 1111111111111111111
R 1111111111111111111
R 0000111100000000000
L 16 16 16 16 16 16 16 16 15 15 15 15 15 15 15 15 15 15 15

N 11 C 14
W 8 0 11 11 9 1 6 0 11 0 2 0 11 10
O 0 8 8 8 8 6 7 2 2 2 2 4 4 4
R 11111111000
R 00000000000
R 11111111111
R 11111111111
R 11111100111
R 00000010000
R 11000001111
R 00000000000
R 11111111111
R 00000000000
R 00110000000
R 00000000000
R 11111111111
R 11101111111
L 8 8 8 7 7 7 7 7 7 7 7

N 20 C 22
W 4 0 20 0 0 13 12 18 0 5 17 0 20 0 0 0 20 19 7 3 6 3
O 0 4 4 4 4 4 17 9 7 7 12 9 9 9 9 9 9 9 8 15 18 4
R 11110000000000000000
R 00000000000000000000
R 11111111111111111111
R 00000000000000000000
R 00000000000000000000
R 00001111111111111000
R 11111111100000000111
R 11111110011111111111
R 00000000000000000000
R 00000001111100000000
R 11111111100011111111
R 00000000000000000000
R 11111111111111111111
R 00000000000000000000
R 00000000000000000000
R 00000000000000000000
R 11111111111111111111
R 11111111011111111111
R 00000000111111100000
R 00000000000000011100
R 11110000000000000011
R 00001110000000000000
L 9 9 9 9 9 9 9 8 8 8 8 8 8 8 8 8 8 8 8 8

N 29 C 18
W 29 19 21 29 2 23 3 8 29 3 8 1 4 29 0 24 18 19
O 0 0 19 11 11 13 7 10 18 18 21 0 1 5 5 5 0 18
R 11111111111111111111111111111
R 11111111111111111110000000000
R 11111111111000000001111111111
R 11111111111111111111111111111
R 00000000000110000000000000000
R 11111110000001111111111111111
R 00000001110000000000000000000
R 00000000001111111100000000000
R 11111111111111111111111111111
R 00000000000000000011100000000
R 00000000000000000000011111111
R 10000000000000000000000000000
R 01111000000000000000000000000
R 11111111111111111111111111111
R 00000000000000000000000000000
R 00000111111111111111111111111
R 11111111111111111100000000000
R 11111111000000000011111111111
L 10 10 10 10 10 10 10 10 9 9 9 9 9 9 9 9 9 9 9 9 9 9 9 9 9 9 9 9 9

N 25 C 17
W 19 0 0 1 0 25 0 7 25 9 0 0 17 18 0 12 0
O 0 19 19 19 20 20 20 20 2 2 11 11 11 3 21 21 8
R 1111111111111111111000000
R 0000000000000000000000000
R 0000000000000000000000000
R 0000000000000000000100000
R 0000000000000000000000000
R 1111111111111111111111111
R 0000000000000000000000000
R 1100000000000000000011111
R 1111111111111111111111111
R 0011111111100000000000000
R 0000000000000000000000000
R 0000000000000000000000000
R 1110000000011111111111111
R 0001111111111111111110000
R 0000000000000000000000000
R 1111111100000000000001111
R 0000000000000000000000000
L 6 6 6 6 6 6 6 6 5 5 5 5 5 5 5 5 5 5 5 5 5 5 5 5 5

N 29 C 24
W 16 0 12 29 29 25 6 17 17 15 14 25 3 17 12 5 9 29 18 0 26 29 10 29
O 0 16 16 28 28 28 24 1 18 6 21 6 2 5 22 5 10 19 19 8 8 5 5 15
R 11111111111111110000000000000
R 00000000000000000000000000000
R 00000000000000001111111111110
R 11111111111111111111111111111
R 11111111111111111111111111111
R 11111111111111111111111100001
R 10000000000000000000000011111
R 01111111111111111100000000000
R 11111100000000000011111111111
R 00000011111111111111100000000
R 11111100000000000000011111111
R 11000011111111111111111111111
R 00111000000000000000000000000
R 00000111111111111111110000000
R 11111000000000000000001111111
R 00000111110000000000000000000
R 00000000001111111110000000000
R 11111111111111111111111111111
R 11111111000000000001111111111
R 00000000000000000000000000000
R 11111000111111111111111111111
R 11111111111111111111111111111
R 00000111111111100000000000000
R 11111111111111111111111111111
L 14 14 14 14 14 14 14 14 14 14 14 14 14 14 14 13 13 13 13 13 13 13 13 13 13 13 13 13 13

N 1 C 5
W 1 0 0 1 1
O 0 0 0 0 0
R 1
R 0
R 0
R 1
R 1
L 3

N 31 C 32
W 0 31 31 10 11 21 27 31 2 27 31 0 12 0 4 31 22 0 1 6 7 23 31 0 10 0 9 15 28 0 30 31
O 0 0 0 0 10 21 11 7 7 9 5 5 5 17 17 21 21 12 12 13 19 26 18 18 18 28 28 6 21 18 18 17
R 0000000000000000000000000000000
R 1111111111111111111111111111111
R 1111111111111111111111111111111
R 1111111111000000000000000000000
R 0000000000111111111110000000000
R 1111111111100000000001111111111
R 1111111000011111111111111111111
R 1111111111111111111111111111111
R 0000000110000000000000000000000
R 1111100001111111111111111111111
R 1111111111111111111111111111111
R 0000000000000000000000000000000
R 0000011111111111100000000000000
R 0000000000000000000000000000000
R 0000000000000000011110000000000
R 1111111111111111111111111111111
R 1111111111110000000001111111111
R 0000000000000000000000000000000
R 0000000000001000000000000000000
R 0000000000000111111000000000000
R 0000000000000000000111111100000
R 1111111111111111110000000011111
R 1111111111111111111111111111111
R 0000000000000000000000000000000
R 0000000000000000001111111111000
R 0000000000000000000000000000000
R 1111110000000000000000000000111
R 0000001111111111111110000000000
R 1111111111111111110001111111111
R 0000000000000000000000000000000
R 1111111111111111101111111111111
R 1111111111111111111111111111111
L 16 16 16 16 16 16 16 16 16 16 16 16 16 16 16 16 16 15 15 15 15 15 15 15 15 15 15 15 15 15 15

N 24 C 19
W 22 1 12 8 21 5 24 5 11 16 24 18 0 20 1 24 14 0 11
O 0 22 23 11 19 16 21 21 2 13 5 5 23 23 19 20 20 10 10
R 111111111111111111111100
R 000000000000000000000010
R 111111111110000000000001
R 000000000001111111100000
R 111111111111111100011111
R 000000000000000011111000
R 111111111111111111111111
R 110000000000000000000111
R 001111111111100000000000
R 111110000000011111111111
R 111111111111111111111111
R 000001111111111111111110
R 000000000000000000000000
R 111111111111111111100001
R 000000000000000000010000
R 111111111111111111111111
R 111111111100000000001111
R 000000000000000000000000
R 000000000011111111111000
L 10 10 10 10 10 10 10 10 10 10 10 10 10 10 10 10 10 10 10 10 10 9 9 9

N 32 C 18
W 32 0 22 0 0 32 32 17 32 0 0 0 12 23 16 7 9 0
O 0 0 0 22 22 22 22 22 7 7 7 7 7 19 10 26 1 10
R 11111111111111111111111111111111
R 00000000000000000000000000000000
R 11111111111111111111110000000000
R 00000000000000000000000000000000
R 00000000000000000000000000000000
R 11111111111111111111111111111111
R 11111111111111111111111111111111
R 11111110000000000000001111111111
R 11111111111111111111111111111111
R 00000000000000000000000000000000
R 00000000000000000000000000000000
R 00000000000000000000000000000000
R 00000001111111111110000000000000
R 11111111110000000001111111111111
R 00000000001111111111111111000000
R 10000000000000000000000000111111
R 01111111110000000000000000000000
R 00000000000000000000000000000000
L 8 8 8 8 8 8 8 8 8 8 7 7 7 7 7 7 7 7 7 7 7 7 7 7 7 7 7 7 7 7 7 7

N 11 C 28
W 2 2 9 3 11 5 8 0 0 11 0 2 1 1 0 0 11 10 0 2 0 11 11 5 11 0 2 11
O 0 2 4 2 5 5 10 7 7 7 7 7 9 10 0 0 0 0 10 10 1 1 1 1 6 6 6 8
R 11000000000
R 00110000000
R 11001111111
R 00111000000
R 11111111111
R 00000111110
R 11111110001
R 00000000000
R 00000000000
R 11111111111
R 00000000000
R 00000001100
R 00000000010
R 00000000001
R 00000000000
R 00000000000
R 11111111111
R 11111111110
R 00000000000
R 10000000001
R 00000000000
R 11111111111
R 11111111111
R 01111100000
R 11111111111
R 00000000000
R 00000011000
R 11111111111
L 12 12 12 12 12 12 12 12 11 11 11

N 27 C 3
W 0 6 11
O 0 0 6
R 000000000000000000000000000
R 111111000000000000000000000
R 000000111111111110000000000
L 1 1 1 1 1 1 1 1 1 1 1 1 1 1 1 1 1 0 0 0 0 0 0 0 0 0 0

N 15 C 9
W 12 6 0 15 5 12 0 5 9
O 0 12 3 3 3 8 5 5 10
R 111111111111000
R 111000000000111
R 000000000000000
R 111111111111111
R 000111110000000
R 111110001111111
R 000000000000000
R 000001111100000
R 111100000011111
L 5 5 5 5 4 4 4 4 4 4 4 4 4 4 4

N 4 C 28
W 4 4 0 3 4 2 4 4 4 4 4 2 4 0 2 3 4 4 0 1 2 4 2 4 4 0 1 3
O 0 0 0 0 3 3 1 1 1 1 1 1 3 3 3 1 0 0 0 0 1 3 3 1 1 1 1 2
R 1111
R 1111
R 0000
R 1110
R 1111
R 1001
R 1111
R 1111
R 1111
R 1111
R 1111
R 0110
R 1111
R 0000
R 1001
R 0111
R 1111
R 1111
R 0000
R 1000
R 0110
R 1111
R 1001
R 1111
R 1111
R 0000
R 0100
R 1011
L 20 19 19 19

N 32 C 21
W 32 18 0 0 32 32 0 0 2 29 18 17 32 32 3 7 0 32 18 32 22
O 0 0 18 18 18 18 18 18 18 20 17 3 20 20 20 23 30 30 30 16 16
R 11111111111111111111111111111111
R 11111111111111111100000000000000
R 00000000000000000000000000000000
R 00000000000000000000000000000000
R 11111111111111111111111111111111
R 11111111111111111111111111111111
R 00000000000000000000000000000000
R 00000000000000000000000000000000
R 00000000000000000011000000000000
R 11111111111111111000111111111111
R 11100000000000000111111111111111
R 00011111111111111111000000000000
R 11111111111111111111111111111111
R 11111111111111111111111111111111
R 00000000000000000000111000000000
R 00000000000000000000000111111100
R 00000000000000000000000000000000
R 11111111111111111111111111111111
R 11111111111111110000000000000011
R 11111111111111111111111111111111
R 11111100000000001111111111111111
L 12 12 12 12 12 12 11 11 11 11 11 11 11 11 11 11 11 11 11 11 11 11 11 11 11 11 11 11 11 11 11 11

N 10 C 0
W 
O 
L 0 0 0 0 0 0 0 0 0 0

N 19 C 1
W 13
O 0
R 1111111111111000000
L 1 1 1 1 1 1 1 1 1 1 1 1 1 0 0 0 0 0 0

N 1 C 9
W 0 0 1 1 0 1 0 0 0
O 0 0 0 0 0 0 0 0 0
R 0
R 0
R 1
R 1
R 0
R 1
R 0
R 0
R 0
L 3

N 3 C 18
W 0 1 1 2 0 3 1 3 0 0 3 3 1 0 0 0 3 3
O 0 0 1 2 1 1 1 2 2 2 2 2 2 0 0 0 0 0
R 000
R 100
R 010
R 101
R 000
R 111
R 010
R 111
R 000
R 000
R 111
R 111
R 001
R 000
R 000
R 000
R 111
R 111
L 8 8 8

N 9 C 7
W 4 7 5 9 3 0 3
O 0 4 2 7 7 1 1
R 111100000
R 110011111
R 001111100
R 111111111
R 100000011
R 000000000
R 011100000
L 4 4 4 4 3 3 3 3 3

N 26 C 7
W 12 0 0 15 18 17 0
O 0 12 12 12 1 19 10
R 11111111111100000000000000
R 00000000000000000000000000
R 00000000000000000000000000
R 10000000000011111111111111
R 01111111111111111110000000
R 11111111110000000001111111
R 00000000000000000000000000
L 3 3 3 3 3 3 3 3 3 3 2 2 2 2 2 2 2 2 2 2 2 2 2 2 2 2

N 10 C 15
W 0 10 10 1 4 10 7 7 10 0 9 10 10 4 10
O 0 0 0 0 1 5 5 2 9 9 9 8 8 8 2
R 0000000000
R 1111111111
R 1111111111
R 1000000000
R 0111100000
R 1111111111
R 1100011111
R 0011111110
R 1111111111
R 0000000000
R 1111111101
R 1111111111
R 1111111111
R 1100000011
R 1111111111
L 11 11 10 10 10 10 10 10 10 10

N 25 C 29
W 0 2 1 25 25 21 9 0 15 0 0 0 24 25 25 20 0 14 2 25 16 24 0 25 19 3 16 21 7
O 0 0 2 3 3 3 24 8 8 23 23 23 23 22 22 22 17 17 6 8 8 24 23 23 23 17 20 11 7
R 0000000000000000000000000
R 1100000000000000000000000
R 0010000000000000000000000
R 1111111111111111111111111
R 1111111111111111111111111
R 0001111111111111111111110
R 1111111100000000000000001
R 0000000000000000000000000
R 0000000011111111111111100
R 0000000000000000000000000
R 0000000000000000000000000
R 0000000000000000000000000
R 1111111111111111111111011
R 1111111111111111111111111
R 1111111111111111111111111
R 1111111111111111100000111
R 0000000000000000000000000
R 1111110000000000011111111
R 0000001100000000000000000
R 1111111111111111111111111
R 0000000011111111111111110
R 1111111111111111111111101
R 0000000000000000000000000
R 1111111111111111111111111
R 1111111111111111100000011
R 0000000000000000011100000
R 1111111111100000000011111
R 1111111000011111111111111
R 0000000111111100000000000
L 15 15 15 15 15 15 15 15 15 15 15 15 15 15 14 14 14 14 14 14 14 14 14 14 14

N 19 C 26
W 19 15 6 0 19 19 19 0 19 7 16 2 0 0 12 19 19 19 19 0 9 0 0 9 18 18
O 0 0 15 2 2 2 2 2 2 2 9 6 8 8 8 1 1 1 1 1 1 10 10 10 0 18
R 1111111111111111111
R 1111111111111110000
R 1100000000000001111
R 0000000000000000000
R 1111111111111111111
R 1111111111111111111
R 1111111111111111111
R 0000000000000000000
R 1111111111111111111
R 0011111110000000000
R 1111110001111111111
R 0000001100000000000
R 0000000000000000000
R 0000000000000000000
R 1000000011111111111
R 1111111111111111111
R 1111111111111111111
R 1111111111111111111
R 1111111111111111111
R 0000000000000000000
R 0111111111000000000
R 0000000000000000000
R 0000000000000000000
R 0000000000111111111
R 1111111111111111110
R 1111111111111111101
L 15 15 15 15 15 15 15 15 15 15 15 15 15 15 15 15 15 14 14

N 20 C 27
W 10 8 12 14 0 0 18 18 0 16 20 11 18 14 20 3 20 20 6 14 0 10 11 20 18 0 2
O 0 10 18 10 4 4 4 2 0 0 16 16 7 5 19 19 2 2 2 8 2 2 12 3 3 1 1
R 11111111110000000000
R 00000000001111111100
R 11111111110000000011
R 11110000001111111111
R 00000000000000000000
R 00000000000000000000
R 11001111111111111111
R 00111111111111111111
R 00000000000000000000
R 11111111111111110000
R 11111111111111111111
R 11111110000000001111
R 11111001111111111111
R 00000111111111111110
R 11111111111111111111
R 11000000000000000001
R 11111111111111111111
R 11111111111111111111
R 00111111000000000000
R 11000000111111111111
R 00000000000000000000
R 00111111111100000000
R 11100000000011111111
R 11111111111111111111
R 10011111111111111111
R 00000000000000000000
R 01100000000000000000
L 16 16 16 15 15 15 15 15 15 15 15 15 15 15 15 15 15 15 15 15

N 9 C 8
W 0 9 3 3 1 0 0 7
O 0 0 0 3 6 7 7 7
R 000000000
R 111111111
R 111000000
R 000111000
R 000000100
R 000000000
R 000000000
R 111110011
L 3 3 3 3 3 2 2 2 2

N 28 C 26
W 28 28 12 18 0 14 7 28 0 28 14 17 1 0 23 8 9 1 28 6 15 0 8 7 11 14
O 0 0 0 12 2 2 16 23 23 23 23 9 26 27 27 22 2 11 12 12 18 5 5 13 20 3
R 1111111111111111111111111111
R 1111111111111111111111111111
R 1111111111110000000000000000
R 1100000000001111111111111111
R 0000000000000000000000000000
R 0011111111111111000000000000
R 0000000000000000111111100000
R 1111111111111111111111111111
R 0000000000000000000000000000
R 1111111111111111111111111111
R 1111111110000000000000011111
R 0000000001111111111111111100
R 0000000000000000000000000010
R 0000000000000000000000000000
R 1111111111111111111111000001
R 1100000000000000000000111111
R 0011111111100000000000000000
R 0000000000010000000000000000
R 1111111111111111111111111111
R 0000000000001111110000000000
R 1111100000000000001111111111
R 0000000000000000000000000000
R 0000011111111000000000000000
R 0000000000000111111100000000
R 1110000000000000000011111111
R 0001111111111111100000000000
L 12 12 12 12 12 12 12 12 12 12 12 12 12 12 12 12 12 11 11 11 11 11 11 11 11 11 11 11

N 3 C 21
W 0 3 0 3 3 1 1 0 1 3 3 0 0 2 0 0 3 3 2 3 3
O 0 0 0 0 0 0 1 2 2 0 0 0 0 0 2 2 2 2 2 1 1
R 000
R 111
R 000
R 111
R 111
R 100
R 010
R 000
R 001
R 111
R 111
R 000
R 000
R 110
R 000
R 000
R 111
R 111
R 101
R 111
R 111
L 12 11 11

N 3 C 10
W 2 0 3 0 3 0 1 3 3 0
O 0 2 2 2 2 2 2 0 0 0
R 110
R 000
R 111
R 000
R 111
R 000
R 001
R 111
R 111
R 000
L 5 5 5

N 23 C 24
W 0 7 4 23 0 23 14 3 14 23 0 0 0 0 18 19 0 23 6 23 0 0 0 0
O 0 0 7 11 11 11 11 2 5 19 19 19 19 19 19 14 10 10 10 16 16 16 16 16
R 00000000000000000000000
R 11111110000000000000000
R 00000001111000000000000
R 11111111111111111111111
R 00000000000000000000000
R 11111111111111111111111
R 11000000000111111111111
R 00111000000000000000000
R 00000111111111111110000
R 11111111111111111111111
R 00000000000000000000000
R 00000000000000000000000
R 00000000000000000000000
R 00000000000000000000000
R 11111111111111000001111
R 11111111110000111111111
R 00000000000000000000000
R 11111111111111111111111
R 00000000001111110000000
R 11111111111111111111111
R 00000000000000000000000
R 00000000000000000000000
R 00000000000000000000000
R 00000000000000000000000
L 9 9 9 9 9 9 9 9 9 9 9 9 9 9 9 9 8 8 8 8 8 8 8

N 18 C 12
W 18 18 18 13 11 2 1 0 18 0 18 15
O 0 0 0 0 13 6 8 9 9 9 9 9
R 111111111111111111
R 111111111111111111
R 111111111111111111
R 111111111111100000
R 111111000000011111
R 000000110000000000
R 000000001000000000
R 000000000000000000
R 111111111111111111
R 000000000000000000
R 111111111111111111
R 111111000111111111
L 8 8 8 8 8 8 7 7 7 7 7 7 7 7 7 7 7 7

N 21 C 24
W 19 16 17 0 0 21 11 0 21 21 1 4 21 9 18 21 0 20 0 10 21 0 0 7
O 0 19 14 10 10 10 10 0 0 0 0 1 5 5 14 11 11 11 10 10 20 20 20 20
R 111111111111111111100
R 111111111111110000011
R 111111111100001111111
R 000000000000000000000
R 000000000000000000000
R 111111111111111111111
R 000000000011111111111
R 000000000000000000000
R 111111111111111111111
R 111111111111111111111
R 100000000000000000000
R 011110000000000000000
R 111111111111111111111
R 000001111111110000000
R 111111111110001111111
R 111111111111111111111
R 000000000000000000000
R 111111111101111111111
R 000000000000000000000
R 000000000011111111110
R 111111111111111111111
R 000000000000000000000
R 000000000000000000000
R 111111000000000000001
L 13 13 13 13 13 13 12 12 12 12 12 12 12 12 12 12 12 12 12 12 12

N 15 C 27
W 14 15 9 15 12 8 12 7 0 8 5 5 15 0 5 15 5 11 15 15 3 15 12 15 0 2 15
O 0 14 14 8 8 5 13 10 2 2 10 0 5 5 5 10 10 0 11 11 11 14 14 11 11 11 13
R 111111111111110
R 111111111111111
R 111111110000001
R 111111111111111
R 111110001111111
R 000001111111100
R 111111111100011
R 110000000011111
R 000000000000000
R 001111111100000
R 000000000011111
R 111110000000000
R 111111111111111
R 000000000000000
R 000001111100000
R 111111111111111
R 000000000011111
R 111111111110000
R 111111111111111
R 111111111111111
R 000000000001110
R 111111111111111
R 111111111110001
R 111111111111111
R 000000000000000
R 000000000001100
R 111111111111111
L 17 17 17 17 17 17 17 17 17 17 17 17 17 16 16

N 20 C 19
W 18 14 0 20 8 20 15 10 1 6 20 0 14 15 0 7 0 13 20
O 0 18 12 12 12 0 0 15 5 6 12 12 12 6 1 1 8 8 1
R 11111111111111111100
R 11111111111100000011
R 00000000000000000000
R 11111111111111111111
R 00000000000011111111
R 11111111111111111111
R 11111111111111100000
R 11111000000000011111
R 00000100000000000000
R 00000011111100000000
R 11111111111111111111
R 00000000000000000000
R 11111100000011111111
R 10000011111111111111
R 00000000000000000000
R 01111111000000000000
R 00000000000000000000
R 10000000111111111111
R 11111111111111111111
L 11 10 10 10 10 10 10 10 10 10 10 10 10 10 10 10 10 10 10 10

N 4 C 6
W 1 0 0 4 3 0
O 0 1 1 1 1 0
R 1000
R 0000
R 0000
R 1111
R 0111
R 0000
L 2 2 2 2

N 28 C 20
W 18 4 13 11 0 0 26 6 18 1 13 22 20 15 6 28 0 19 13 18
O 0 18 22 7 18 18 18 16 22 12 13 26 20 12 27 5 5 5 24 9
R 1111111111111111110000000000
R 0000000000000000001111000000
R 1111111000000000000000111111
R 0000000111111111110000000000
R 0000000000000000000000000000
R 0000000000000000000000000000
R 1111111111111111001111111111
R 0000000000000000111111000000
R 1111111111110000000000111111
R 0000000000001000000000000000
R 0000000000000111111111111100
R 1111111111111111111100000011
R 1111111111110000000011111111
R 0000000000001111111111111110
R 1111100000000000000000000001
R 1111111111111111111111111111
R 0000000000000000000000000000
R 0000011111111111111111110000
R 1111111110000000000000001111
R 0000000001111111111111111110
L 9 9 9 9 9 9 9 9 9 9 9 9 9 9 9 9 9 9 9 9 9 9 9 9 9 9 9 8

N 25 C 1
W 0
O 0
R 0000000000000000000000000
L 0 0 0 0 0 0 0 0 0 0 0 0 0 0 0 0 0 0 0 0 0 0 0 0 0

N 30 C 17
W 0 12 0 2 30 23 0 15 29 26 0 6 30 0 11 25 26
O 0 0 12 12 14 14 7 7 22 21 17 17 23 23 23 4 29
R 000000000000000000000000000000
R 111111111111000000000000000000
R 000000000000000000000000000000
R 000000000000110000000000000000
R 111111111111111111111111111111
R 111111100000001111111111111111
R 000000000000000000000000000000
R 000000011111111111111100000000
R 111111111111111111111011111111
R 111111111111111110000111111111
R 000000000000000000000000000000
R 000000000000000001111110000000
R 111111111111111111111111111111
R 000000000000000000000000000000
R 111100000000000000000001111111
R 000011111111111111111111111110
R 111111111111111111111111100001
L 8 8 8 8 8 8 8 8 8 8 8 8 8 8 8 8 8 8 8 8 8 8 8 8 8 7 7 7 7 7

N 3 C 19
W 2 0 2 3 1 0 0 3 3 3 1 3 3 0 0 2 0 0 0
O 0 2 2 1 1 2 2 2 2 2 2 0 0 0 0 0 2 2 2
R 110
R 000
R 101
R 111
R 010
R 000
R 000
R 111
R 111
R 111
R 001
R 111
R 111
R 000
R 000
R 110
R 000
R 000
R 000
L 9 9 8

N 9 C 1
W 0
O 0
R 000000000
L 0 0 0 0 0 0 0 0 0

N 12 C 5
W 10 2 0 3 12
O 0 10 0 0 3
R 111111111100
R 000000000011
R 000000000000
R 111000000000
R 111111111111
L 3 3 3 2 2 2 2 2 2 2 2 2

N 19 C 30
W 0 19 0 0 19 6 19 0 19 14 0 9 14 17 11 0 0 10 11 0 19 4 19 8 6 18 13 9 3 4
O 0 0 0 0 0 0 6 6 6 6 1 1 10 5 3 14 14 14 5 16 16 16 1 1 9 15 14 8 17 1
R 0000000000000000000
R 1111111111111111111
R 0000000000000000000
R 0000000000000000000
R 1111111111111111111
R 1111110000000000000
R 1111111111111111111
R 0000000000000000000
R 1111111111111111111
R 1000001111111111111
R 0000000000000000000
R 0111111111000000000
R 1111100000111111111
R 1110011111111111111
R 0001111111111100000
R 0000000000000000000
R 0000000000000000000
R 1111100000000011111
R 0000011111111111000
R 0000000000000000000
R 1111111111111111111
R 1000000000000000111
R 1111111111111111111
R 0111111110000000000
R 0000000001111110000
R 1111111111111101111
R 1111111100000011111
R 0000000011111111100
R 1000000000000000011
R 0111100000000000000
L 15 15 15 15 15 14 14 14 14 14 14 14 14 14 14 14 14 14 14

N 16 C 9
W 12 16 0 7 0 0 4 11 16
O 0 12 12 12 3 3 3 7 2
R 1111111111110000
R 1111111111111111
R 0000000000000000
R 1110000000001111
R 0000000000000000
R 0000000000000000
R 0001111000000000
R 1100000111111111
R 1111111111111111
L 5 5 4 4 4 4 4 4 4 4 4 4 4 4 4 4

N 27 C 2
W 0 20
O 0 0
R 000000000000000000000000000
R 111111111111111111110000000
L 1 1 1 1 1 1 1 1 1 1 1 1 1 1 1 1 1 1 1 1 0 0 0 0 0 0 0

N 15 C 24
W 15 0 15 0 11 0 11 15 12 0 0 8 3 15 6 15 0 6 0 15 14 15 0 5
O 0 0 0 0 0 11 11 7 7 4 4 4 12 0 0 6 6 6 12 12 12 11 11 11
R 111111111111111
R 000000000000000
R 111111111111111
R 000000000000000
R 111111111110000
R 000000000000000
R 111111100001111
R 111111111111111
R 111100011111111
R 000000000000000
R 000000000000000
R 000011111111000
R 000000000000111
R 111111111111111
R 111111000000000
R 111111111111111
R 000000000000000
R 000000111111000
R 000000000000000
R 111111111111111
R 111111111110111
R 111111111111111
R 000000000000000
R 100000000001111
L 13 12 12 12 12 12 12 12 12 12 12 12 12 12 12

N 22 C 3
W 4 18 0
O 0 4 0
R 1111000000000000000000
R 0000111111111111111111
R 0000000000000000000000
L 1 1 1 1 1 1 1 1 1 1 1 1 1 1 1 1 1 1 1 1 1 1

N 18 C 17
W 0 7 11 5 0 18 17 15 0 18 6 3 0 14 0 14 17
O 0 0 7 0 5 5 5 4 1 1 1 7 10 10 6 6 2
R 000000000000000000
R 111111100000000000
R 000000011111111111
R 111110000000000000
R 000000000000000000
R 111111111111111111
R 111101111111111111
R 100011111111111111
R 000000000000000000
R 111111111111111111
R 011111100000000000
R 000000011100000000
R 000000000000000000
R 111111000011111111
R 000000000000000000
R 110000111111111111
R 101111111111111111
L 9 8 8 8 8 8 8 8 8 8 8 8 8 8 8 8 8 8

N 27 C 17
W 27 0 11 27 17 0 27 27 19 27 14 27 0 27 27 0 23
O 0 0 0 11 11 1 1 1 1 20 20 7 7 7 7 7 7
R 111111111111111111111111111
R 000000000000000000000000000
R 111111111110000000000000000
R 111111111111111111111111111
R 100000000001111111111111111
R 000000000000000000000000000
R 111111111111111111111111111
R 111111111111111111111111111
R 011111111111111111110000000
R 111111111111111111111111111
R 111111100000000000001111111
R 111111111111111111111111111
R 000000000000000000000000000
R 111111111111111111111111111
R 111111111111111111111111111
R 000000000000000000000000000
R 111000011111111111111111111
L 12 12 12 11 11 11 11 11 11 11 11 11 11 11 11 11 11 11 11 11 11 11 11 11 11 11 11

N 15 C 4
W 15 7 0 9
O 0 0 7 7
R 111111111111111
R 111111100000000
R 000000000000000
R 100000011111111
L 3 2 2 2 2 2 2 2 2 2 2 2 2 2 2

N 18 C 22
W 0 0 18 6 0 0 7 10 18 7 0 8 0 1 18 8 0 11 18 18 0 4
O 0 0 0 0 6 6 6 13 5 5 12 12 2 2 3 3 11 11 4 4 4 4
R 000000000000000000
R 000000000000000000
R 111111111111111111
R 111111000000000000
R 000000000000000000
R 000000000000000000
R 000000111111100000
R 111110000000011111
R 111111111111111111
R 000001111111000000
R 000000000000000000
R 110000000000111111
R 000000000000000000
R 001000000000000000
R 111111111111111111
R 000111111110000000
R 000000000000000000
R 111100000001111111
R 111111111111111111
R 111111111111111111
R 000000000000000000
R 000011110000000000
L 9 9 9 9 9 9 9 9 8 8 8 8 8 8 8 8 8 8

N 11 C 32
W 11 11 11 3 10 2 11 1 5 0 4 8 0 9 11 2 3 4 11 6 11 8 0 4 0 2 0 5 0 4 8 8
O 0 0 0 0 3 2 4 4 5 10 10 3 0 0 9 9 0 3 7 7 2 2 10 10 3 3 5 5 10 10 3 0
R 11111111111
R 11111111111
R 11111111111
R 11100000000
R 11011111111
R 00110000000
R 11111111111
R 00001000000
R 00000111110
R 00000000000
R 11100000001
R 00011111111
R 00000000000
R 11111111100
R 11111111111
R 00000000011
R 11100000000
R 00011110000
R 11111111111
R 11000001111
R 11111111111
R 00111111110
R 00000000000
R 11100000001
R 00000000000
R 00011000000
R 00000000000
R 00000111110
R 00000000000
R 11100000001
R 00011111111
R 11111111000
L 16 16 16 16 16 16 16 16 15 15 15

N 21 C 13
W 15 0 12 6 8 10 16 11 7 6 1 16 12
O 0 15 15 6 12 20 9 4 15 1 7 8 3
R 111111111111111000000
R 000000000000000000000
R 111111000000000111111
R 000000111111000000000
R 000000000000111111110
R 111111111000000000001
R 111100000111111111111
R 000011111111111000000
R 100000000000000111111
R 011111100000000000000
R 000000010000000000000
R 111000001111111111111
R 000111111111111000000
L 6 6 6 6 6 6 6 6 6 6 6 6 6 6 6 5 5 5 5 5 5

N 7 C 15
W 7 0 7 0 7 3 3 7 4 7 6 2 2 1 3
O 0 0 0 0 0 0 3 6 6 3 3 2 4 6 0
R 1111111
R 0000000
R 1111111
R 0000000
R 1111111
R 1110000
R 0001110
R 1111111
R 1110001
R 1111111
R 1101111
R 0011000
R 0000110
R 0000001
R 1110000
L 9 9 9 8 8 8 8

N 7 C 13
W 0 2 7 0 3 0 0 7 0 3 2 4 0
O 0 0 2 2 2 5 5 5 5 5 1 3 0
R 0000000
R 1100000
R 1111111
R 0000000
R 0011100
R 0000000
R 0000000
R 1111111
R 0000000
R 1000011
R 0110000
R 0001111
R 0000000
L 4 4 4 4 4 4 4

N 17 C 19
W 0 17 3 0 0 0 0 0 2 13 0 13 17 17 3 0 1 17 3
O 0 0 0 3 3 3 3 3 3 5 1 1 14 14 14 0 0 1 1
R 00000000000000000
R 11111111111111111
R 11100000000000000
R 00000000000000000
R 00000000000000000
R 00000000000000000
R 00000000000000000
R 00000000000000000
R 00011000000000000
R 10000111111111111
R 00000000000000000
R 01111111111111000
R 11111111111111111
R 11111111111111111
R 00000000000000111
R 00000000000000000
R 10000000000000000
R 11111111111111111
R 01110000000000000
L 7 7 7 7 6 6 6 6 6 6 6 6 6 6 6 6 6

N 18 C 13
W 18 0 3 9 6 18 0 18 0 0 9 17 0
O 0 0 0 3 12 0 0 0 0 0 0 9 8
R 111111111111111111
R 000000000000000000
R 111000000000000000
R 000111111111000000
R 000000000000111111
R 111111111111111111
R 000000000000000000
R 111111111111111111
R 000000000000000000
R 000000000000000000
R 111111111000000000
R 111111110111111111
R 000000000000000000
L 6 6 6 6 6 6 6 6 5 5 5 5 5 5 5 5 5 5

N 8 C 14
W 3 0 2 6 8 8 0 0 6 3 0 8 8 4
O 0 3 3 5 3 3 3 3 3 1 4 4 4 4
R 11100000
R 00000000
R 00011000
R 11100111
R 11111111
R 11111111
R 00000000
R 00000000
R 10011111
R 01110000
R 00000000
R 11111111
R 11111111
R 00001111
L 7 7 7 7 7 7 7 7

N 4 C 20
W 0 4 1 0 0 4 2 0 2 0 4 0 4 4 1 0 0 0 2 4
O 0 0 0 1 1 1 1 3 3 1 1 1 1 1 1 2 2 2 2 0
R 0000
R 1111
R 1000
R 0000
R 0000
R 1111
R 0110
R 0000
R 1001
R 0000
R 1111
R 0000
R 1111
R 1111
R 0100
R 0000
R 0000
R 0000
R 0011
R 1111
L 8 8 8 8

N 16 C 1
W 0
O 0
R 0000000000000000
L 0 0 0 0 0 0 0 0 0 0 0 0 0 0 0 0

N 11 C 9
W 11 8 5 11 11 0 0 11 11
O 0 0 8 2 2 2 2 2 2
R 11111111111
R 11111111000
R 11000000111
R 11111111111
R 11111111111
R 00000000000
R 00000000000
R 11111111111
R 11111111111
L 7 7 6 6 6 6 6 6 6 6 6

N 1 C 14
W 0 0 0 0 0 1 1 0 0 0 0 0 0 1
O 0 0 0 0 0 0 0 0 0 0 0 0 0 0
R 0
R 0
R 0
R 0
R 0
R 1
R 1
R 0
R 0
R 0
R 0
R 0
R 0
R 1
L 3

N 3 C 18
W 0 0 0 0 2 0 1 0 0 0 3 3 3 0 3 2 2 3
O 0 0 0 0 0 2 2 0 0 0 0 0 0 0 0 0 2 1
R 000
R 000
R 000
R 000
R 110
R 000
R 001
R 000
R 000
R 000
R 111
R 111
R 111
R 000
R 111
R 110
R 101
R 111
L 8 7 7

N 16 C 1
W 8
O 0
R 1111111100000000
L 1 1 1 1 1 1 1 1 0 0 0 0 0 0 0 0

N 8 C 1
W 6
O 0
R 11111100
L 1 1 1 1 1 1 0 0

N 3 C 32
W 1 0 0 3 1 3 2 1 1 0 1 3 3 2 0 0 3 3 3 0 2 2 3 2 0 0 1 3 3 1 1 0
O 0 1 1 1 1 2 2 1 2 0 0 1 1 1 0 0 0 0 0 0 0 2 1 1 0 0 0 1 1 1 2 0
R 100
R 000
R 000
R 111
R 010
R 111
R 101
R 010
R 001
R 000
R 100
R 111
R 111
R 011
R 000
R 000
R 111
R 111
R 111
R 000
R 110
R 101
R 111
R 011
R 000
R 000
R 100
R 111
R 111
R 010
R 001
R 000
L 16 16 16

N 31 C 19
W 13 31 0 31 20 0 31 31 31 9 0 12 31 20 0 22 20 31 10
O 0 13 13 13 13 2 2 2 2 2 11 11 23 23 12 12 3 23 23
R 1111111111111000000000000000000
R 1111111111111111111111111111111
R 0000000000000000000000000000000
R 1111111111111111111111111111111
R 1100000000000111111111111111111
R 0000000000000000000000000000000
R 1111111111111111111111111111111
R 1111111111111111111111111111111
R 1111111111111111111111111111111
R 0011111111100000000000000000000
R 0000000000000000000000000000000
R 0000000000011111111111100000000
R 1111111111111111111111111111111
R 1111111111110000000000011111111
R 0000000000000000000000000000000
R 1110000000001111111111111111111
R 0001111111111111111111100000000
R 1111111111111111111111111111111
R 1100000000000000000000011111111
L 12 12 11 11 11 11 11 11 11 11 11 11 11 11 11 11 11 11 11 11 11 11 11 11 11 11 11 11 11 11 11

N 7 C 12
W 6 4 2 7 0 7 7 5 4 0 6 7
O 0 6 3 5 5 5 5 5 3 0 0 6
R 1111110
R 1110001
R 0001100
R 1111111
R 0000000
R 1111111
R 1111111
R 1110011
R 0001111
R 0000000
R 1111110
R 1111111
L 8 8 8 8 8 8 7

N 14 C 29
W 0 14 12 8 0 0 0 5 14 0 2 0 10 8 4 0 10 14 2 0 9 4 12 7 1 14 8 14 8
O 0 0 0 12 6 6 6 6 11 11 11 13 13 9 3 7 7 3 3 5 5 0 4 2 9 10 10 4 4
R 00000000000000
R 11111111111111
R 11111111111100
R 11111100000011
R 00000000000000
R 00000000000000
R 00000000000000
R 00000011111000
R 11111111111111
R 00000000000000
R 00000000000110
R 00000000000000
R 11111111100001
R 11100000011111
R 00011110000000
R 00000000000000
R 11100001111111
R 11111111111111
R 00011000000000
R 00000000000000
R 00000111111111
R 11110000000000
R 11001111111111
R 00111111100000
R 00000000010000
R 11111111111111
R 11110000001111
R 11111111111111
R 00001111111100
L 13 13 13 13 13 13 13 13 13 13 13 13 12 12

N 20 C 20
W 11 3 20 5 13 0 19 17 20 0 0 13 0 0 13 20 16 9 20 12
O 0 11 14 14 19 12 12 11 8 8 8 8 1 1 1 14 14 10 19 19
R 11111111111000000000
R 00000000000111000000
R 11111111111111111111
R 00000000000000111110
R 11111111111100000001
R 00000000000000000000
R 11111111111011111111
R 11111111000111111111
R 11111111111111111111
R 00000000000000000000
R 00000000000000000000
R 10000000111111111111
R 00000000000000000000
R 00000000000000000000
R 01111111111111000000
R 11111111111111111111
R 11111111110000111111
R 00000000001111111110
R 11111111111111111111
R 11111111111000000001
L 11 11 11 11 11 11 11 11 11 11 11 10 10 10 10 10 10 10 10 10

N 16 C 10
W 16 0 16 0 9 2 14 16 16 16
O 0 0 0 0 0 9 11 9 9 9
R 1111111111111111
R 0000000000000000
R 1111111111111111
R 0000000000000000
R 1111111110000000
R 0000000001100000
R 1111111110011111
R 1111111111111111
R 1111111111111111
R 1111111111111111
L 7 7 7 7 7 7 7 7 7 6 6 6 6 6 6 6

N 23 C 2
W 14 4
O 0 14
R 11111111111111000000000
R 00000000000000111100000
L 1 1 1 1 1 1 1 1 1 1 1 1 1 1 1 1 1 1 0 0 0 0 0

N 20 C 32
W 0 4 11 3 20 20 11 12 17 20 13 5 4 20 10 7 20 6 20 9 20 0 10 17 2 20 18 7 13 4 0 0
O 0 0 4 15 18 18 18 9 1 18 18 11 16 0 0 10 17 17 3 3 12 12 12 2 19 1 1 19 6 19 3 3
R 00000000000000000000
R 11110000000000000000
R 00001111111111100000
R 00000000000000011100
R 11111111111111111111
R 11111111111111111111
R 11111111100000000011
R 10000000011111111111
R 01111111111111111100
R 11111111111111111111
R 11111111111000000011
R 00000000000111110000
R 00000000000000001111
R 11111111111111111111
R 11111111110000000000
R 00000000001111111000
R 11111111111111111111
R 11100000000000000111
R 11111111111111111111
R 00011111111100000000
R 11111111111111111111
R 00000000000000000000
R 11000000000011111111
R 00111111111111111110
R 10000000000000000001
R 11111111111111111111
R 01111111111111111110
R 11111100000000000001
R 00000011111111111110
R 11100000000000000001
R 00000000000000000000
R 00000000000000000000
L 18 18 18 17 17 17 17 17 17 17 17 17 17 17 17 17 17 17 17 17

N 13 C 20
W 5 13 8 7 11 11 0 13 6 8 6 13 13 3 0 13 2 3 13 7
O 0 5 5 0 7 5 3 3 3 9 4 10 10 10 0 0 0 2 5 5
R 1111100000000
R 1111111111111
R 0000011111111
R 1111111000000
R 1111100111111
R 1110011111111
R 0000000000000
R 1111111111111
R 0001111110000
R 1111000001111
R 0000111111000
R 1111111111111
R 1111111111111
R 0000000000111
R 0000000000000
R 1111111111111
R 1100000000000
R 0011100000000
R 1111111111111
R 0000011111110
L 12 12 12 12 12 12 12 12 12 12 12 12 11

N 17 C 15
W 8 0 17 17 13 7 17 17 5 0 7 15 5 15 17
O 0 8 8 8 8 4 11 11 11 16 16 6 4 9 7
R 11111111000000000
R 00000000000000000
R 11111111111111111
R 11111111111111111
R 11110000111111111
R 00001111111000000
R 11111111111111111
R 11111111111111111
R 00000000000111110
R 00000000000000000
R 11111100000000001
R 11110011111111111
R 00001111100000000
R 11111110011111111
R 11111111111111111
L 10 10 10 10 10 10 10 9 9 9 9 9 9 9 9 9 9

N 21 C 28
W 21 18 19 21 19 3 10 12 8 12 15 0 21 0 4 15 21 10 19 19 21 0 16 0 21 3 21 12
O 0 0 18 16 16 14 17 6 18 5 17 11 11 11 11 15 9 9 19 17 15 15 15 10 10 10 13 13
R 111111111111111111111
R 111111111111111111000
R 111111111111111100111
R 111111111111111111111
R 111111111111110011111
R 000000000000001110000
R 111111000000000001111
R 000000111111111111000
R 111110000000000000111
R 000001111111111110000
R 111111111110000001111
R 000000000000000000000
R 111111111111111111111
R 000000000000000000000
R 000000000001111000000
R 111111111000000111111
R 111111111111111111111
R 000000000111111111100
R 111111111111111110011
R 111111111111111001111
R 111111111111111111111
R 000000000000000000000
R 111111111100000111111
R 000000000000000000000
R 111111111111111111111
R 000000000011100000000
R 111111111111111111111
R 111100000000011111111
L 18 18 18 18 17 17 17 17 17 17 17 17 17 17 17 17 17 17 17 17 17

N 23 C 27
W 6 23 7 15 5 23 22 23 1 9 8 0 15 7 23 0 23 0 23 0 19 7 18 6 19 23 17
O 0 6 6 13 5 10 10 9 9 10 19 4 4 19 3 3 3 3 3 3 3 22 6 1 7 3 3
R 11111100000000000000000
R 11111111111111111111111
R 00000011111110000000000
R 11111000000001111111111
R 00000111110000000000000
R 11111111111111111111111
R 11111111101111111111111
R 11111111111111111111111
R 00000000010000000000000
R 00000000001111111110000
R 11110000000000000001111
R 00000000000000000000000
R 00001111111111111110000
R 11100000000000000001111
R 11111111111111111111111
R 00000000000000000000000
R 11111111111111111111111
R 00000000000000000000000
R 11111111111111111111111
R 00000000000000000000000
R 00011111111111111111110
R 11111100000000000000001
R 10000011111111111111111
R 01111110000000000000000
R 11100001111111111111111
R 11111111111111111111111
R 00011111111111111111000
L 15 15 15 15 15 15 15 15 15 15 15 15 15 15 15 15 15 15 15 15 14 14 14

N 4 C 19
W 0 4 4 3 1 2 0 3 0 2 2 4 2 4 3 2 4 2 4
O 0 0 0 0 3 0 2 2 1 1 3 1 1 3 3 2 0 0 2
R 0000
R 1111
R 1111
R 1110
R 0001
R 1100
R 0000
R 1011
R 0000
R 0110
R 1001
R 1111
R 0110
R 1111
R 1101
R 0011
R 1111
R 1100
R 1111
L 12 12 11 11

N 21 C 15
W 21 21 21 7 0 20 21 0 21 3 18 17 8 0 6
O 0 0 0 0 7 7 6 6 6 6 9 6 2 10 10
R 111111111111111111111
R 111111111111111111111
R 111111111111111111111
R 111111100000000000000
R 000000000000000000000
R 111111011111111111111
R 111111111111111111111
R 000000000000000000000
R 111111111111111111111
R 000000111000000000000
R 111111000111111111111
R 110000111111111111111
R 001111111100000000000
R 000000000000000000000
R 000000000011111100000
L 9 9 9 9 9 9 9 9 9 9 9 9 9 9 9 9 8 8 8 8 8

N 10 C 24
W 10 0 1 8 10 2 10 7 0 10 5 6 8 0 10 10 9 10 1 7 7 3 0 10
O 0 0 0 1 9 9 1 1 8 8 8 3 9 7 7 7 7 6 6 7 4 1 4 4
R 1111111111
R 0000000000
R 1000000000
R 0111111110
R 1111111111
R 1000000001
R 1111111111
R 0111111100
R 0000000000
R 1111111111
R 1110000011
R 0001111110
R 1111111001
R 0000000000
R 1111111111
R 1111111111
R 1111110111
R 1111111111
R 0000001000
R 1111000111
R 1000111111
R 0111000000
R 0000000000
R 1111111111
L 15 15 15 15 14 14 14 14 14 14

N 25 C 5
W 25 0 24 25 18
O 0 0 0 24 24
R 1111111111111111111111111
R 0000000000000000000000000
R 1111111111111111111111110
R 1111111111111111111111111
R 1111111111111111100000001
L 4 4 4 4 4 4 4 4 4 4 4 4 4 4 4 4 4 3 3 3 3 3 3 3 3

N 26 C 1
W 4
O 0
R 11110000000000000000000000
L 1 1 1 1 0 0 0 0 0 0 0 0 0 0 0 0 0 0 0 0 0 0 0 0 0 0

N 12 C 14
W 12 2 10 12 0 4 0 0 0 9 11 12 2 0
O 0 0 2 0 0 0 4 4 4 4 1 0 0 2
R 111111111111
R 110000000000
R 001111111111
R 111111111111
R 000000000000
R 111100000000
R 000000000000
R 000000000000
R 000000000000
R 100011111111
R 011111111111
R 111111111111
R 110000000000
R 000000000000
L 7 7 6 6 6 6 6 6 6 6 6 6

N 29 C 21
W 28 21 25 0 12 28 24 9 0 24 0 0 19 29 9 29 3 0 29 29 16
O 0 28 20 16 16 28 27 22 2 2 26 26 26 16 16 25 25 28 28 28 28
R 11111111111111111111111111110
R 11111111111111111111000000001
R 11111111111111110000111111111
R 00000000000000000000000000000
R 00000000000000001111111111110
R 11111111111111111111111111101
R 11111111111111111111110000011
R 11000000000000000000001111111
R 00000000000000000000000000000
R 00111111111111111111111111000
R 00000000000000000000000000000
R 00000000000000000000000000000
R 11111111111111110000000000111
R 11111111111111111111111111111
R 00000000000000001111111110000
R 11111111111111111111111111111
R 00000000000000000000000001110
R 00000000000000000000000000000
R 11111111111111111111111111111
R 11111111111111111111111111111
R 11111111111111100000000000001
L 12 12 12 12 12 12 12 12 12 12 12 12 12 12 12 11 11 11 11 11 11 11 11 11 11 11 11 11 11

N 19 C 2
W 0 0
O 0 0
R 0000000000000000000
R 0000000000000000000
L 0 0 0 0 0 0 0 0 0 0 0 0 0 0 0 0 0 0 0

N 11 C 0
W 
O 
L 0 0 0 0 0 0 0 0 0 0 0

N 7 C 3
W 3 3 0
O 0 3 6
R 1110000
R 0001110
R 0000000
L 1 1 1 1 1 1 0

N 28 C 12
W 0 3 11 6 20 12 16 28 21 15 12 27
O 0 0 3 14 20 12 24 12 12 5 20 4
R 0000000000000000000000000000
R 1110000000000000000000000000
R 0001111111111100000000000000
R 0000000000000011111100000000
R 1111111111110000000011111111
R 0000000000001111111111110000
R 1111111111110000000000001111
R 1111111111111111111111111111
R 1111100000001111111111111111
R 0000011111111111111100000000
R 1111000000000000000011111111
R 1110111111111111111111111111
L 7 7 7 6 6 6 6 6 6 6 6 6 6 6 6 6 6 6 6 6 6 6 6 6 6 6 6 6

N 30 C 21
W 15 7 11 30 11 18 0 29 28 15 17 0 30 0 30 24 0 30 17 30 30
O 0 15 22 3 3 14 2 2 1 29 14 1 1 1 1 1 25 25 25 12 12
R 111111111111111000000000000000
R 000000000000000111111100000000
R 111000000000000000000011111111
R 111111111111111111111111111111
R 000111111111110000000000000000
R 110000000000001111111111111111
R 000000000000000000000000000000
R 101111111111111111111111111111
R 011111111111111111111111111110
R 111111111111110000000000000001
R 100000000000001111111111111111
R 000000000000000000000000000000
R 111111111111111111111111111111
R 000000000000000000000000000000
R 111111111111111111111111111111
R 011111111111111111111111100000
R 000000000000000000000000000000
R 111111111111111111111111111111
R 111111111111000000000000011111
R 111111111111111111111111111111
R 111111111111111111111111111111
L 13 13 13 13 13 13 13 13 13 13 13 13 12 12 12 12 12 12 12 12 12 12 12 12 12 12 12 12 12 12

N 8 C 3
W 3 2 4
O 0 3 5
R 11100000
R 00011000
R 10000111
L 2 1 1 1 1 1 1 1

N 8 C 32
W 4 0 0 8 4 2 8 0 8 6 3 2 8 8 8 7 1 6 6 8 8 8 8 3 0 0 0 8 8 6 7 4
O 0 4 4 4 4 0 2 2 2 2 0 3 5 5 5 5 4 5 3 1 1 1 1 1 4 4 4 4 4 4 2 1
R 11110000
R 00000000
R 00000000
R 11111111
R 00001111
R 11000000
R 11111111
R 00000000
R 11111111
R 00111111
R 11100000
R 00011000
R 11111111
R 11111111
R 11111111
R 11110111
R 00001000
R 11100111
R 10011111
R 11111111
R 11111111
R 11111111
R 11111111
R 01110000
R 00000000
R 00000000
R 00000000
R 11111111
R 11111111
R 11001111
R 10111111
R 01111000
L 20 20 20 20 20 19 19 19

N 18 C 19
W 18 16 0 18 0 0 17 0 18 18 2 15 18 16 18 11 1 0 7
O 0 0 16 16 16 16 16 15 15 15 15 17 14 14 12 12 5 6 6
R 111111111111111111
R 111111111111111100
R 000000000000000000
R 111111111111111111
R 000000000000000000
R 000000000000000000
R 111111111111111011
R 000000000000000000
R 111111111111111111
R 111111111111111111
R 000000000000000110
R 111111111111110001
R 111111111111111111
R 111111111111001111
R 111111111111111111
R 111110000000111111
R 000001000000000000
R 000000000000000000
R 000000111111100000
L 11 11 11 11 11 11 11 11 11 11 11 11 11 10 10 10 10 10

N 6 C 31
W 0 0 0 3 6 5 1 6 0 6 4 6 1 4 2 0 6 0 5 6 6 0 4 0 0 0 1 0 4 3 6
O 0 0 0 0 3 3 2 3 3 3 3 1 1 2 0 2 2 2 2 1 1 1 1 5 5 5 5 0 0 4 1
R 000000
R 000000
R 000000
R 111000
R 111111
R 110111
R 001000
R 111111
R 000000
R 111111
R 100111
R 111111
R 010000
R 001111
R 110000
R 000000
R 111111
R 000000
R 101111
R 111111
R 111111
R 000000
R 011110
R 000000
R 000000
R 000000
R 000001
R 000000
R 111100
R 100011
R 111111
L 15 14 14 14 14 14

N 23 C 6
W 23 0 23 0 22 0
O 0 0 0 0 0 22
R 11111111111111111111111
R 00000000000000000000000
R 11111111111111111111111
R 00000000000000000000000
R 11111111111111111111110
R 00000000000000000000000
L 3 3 3 3 3 3 3 3 3 3 3 3 3 3 3 3 3 3 3 3 3 3 2

N 1 C 26
W 0 0 0 1 0 0 0 1 1 0 0 0 0 1 1 1 0 1 1 1 1 0 0 0 0 0
O 0 0 0 0 0 0 0 0 0 0 0 0 0 0 0 0 0 0 0 0 0 0 0 0 0 0
R 0
R 0
R 0
R 1
R 0
R 0
R 0
R 1
R 1
R 0
R 0
R 0
R 0
R 1
R 1
R 1
R 0
R 1
R 1
R 1
R 1
R 0
R 0
R 0
R 0
R 0
L 10

N 2 C 0
W 
O 
L 0 0

N 18 C 32
W 6 1 12 14 9 6 1 0 0 7 6 0 18 18 10 18 0 6 18 0 0 3 12 12 6 14 18 8 0 17 15 0
O 0 6 7 1 15 6 12 13 13 13 2 8 8 8 8 0 0 0 6 6 6 6 9 3 15 3 17 17 7 7 6 3
R 111111000000000000
R 000000100000000000
R 100000011111111111
R 011111111111111000
R 111111000000000111
R 000000111111000000
R 000000000000100000
R 000000000000000000
R 000000000000000000
R 110000000000011111
R 001111110000000000
R 000000000000000000
R 111111111111111111
R 111111111111111111
R 000000001111111111
R 111111111111111111
R 000000000000000000
R 111111000000000000
R 111111111111111111
R 000000000000000000
R 000000000000000000
R 000000111000000000
R 111000000111111111
R 000111111111111000
R 111000000000000111
R 000111111111111110
R 111111111111111111
R 111111100000000001
R 000000000000000000
R 111111011111111111
R 111000111111111111
R 000000000000000000
L 15 15 15 14 14 14 14 14 14 14 14 14 14 14 14 14 14 14

N 22 C 14
W 22 7 0 22 22 10 8 10 16 8 21 22 4 22
O 0 0 7 7 7 7 17 3 13 7 15 14 14 18
R 1111111111111111111111
R 1111111000000000000000
R 0000000000000000000000
R 1111111111111111111111
R 1111111111111111111111
R 0000000111111111100000
R 1110000000000000011111
R 0001111111111000000000
R 1111111000000111111111
R 0000000111111110000000
R 1111111111111101111111
R 1111111111111111111111
R 0000000000000011110000
R 1111111111111111111111
L 9 9 9 9 9 9 9 9 9 9 9 9 9 9 9 9 9 9 8 8 8 8

N 18 C 7
W 18 11 0 0 13 7 15
O 0 0 11 11 11 6 13
R 111111111111111111
R 111111111110000000
R 000000000000000000
R 000000000000000000
R 111111000001111111
R 000000111111100000
R 111111111100011111
L 4 4 4 4 4 4 4 4 4 4 3 3 3 3 3 3 3 3

N 21 C 28
W 21 12 21 6 7 20 0 9 0 5 21 0 0 19 2 13 6 0 0 14 15 3 0 21 9 21 10 0
O 0 0 12 12 18 4 3 3 12 12 17 17 17 17 15 17 9 15 15 15 8 2 5 5 5 14 14 3
R 111111111111111111111
R 111111111111000000000
R 111111111111111111111
R 000000000000111111000
R 111100000000000000111
R 111011111111111111111
R 000000000000000000000
R 000111111111000000000
R 000000000000000000000
R 000000000000111110000
R 111111111111111111111
R 000000000000000000000
R 000000000000000000000
R 111111111111111001111
R 000000000000000110000
R 111111111000000001111
R 000000000111111000000
R 000000000000000000000
R 000000000000000000000
R 111111110000000111111
R 110000001111111111111
R 001110000000000000000
R 000000000000000000000
R 111111111111111111111
R 000001111111110000000
R 111111111111111111111
R 111000000000001111111
R 000000000000000000000
L 13 13 13 12 12 12 12 12 12 12 12 12 12 12 12 12 12 12 12 12 12

N 24 C 25
W 0 11 10 6 24 23 8 16 24 1 9 7 21 0 0 0 18 13 7 0 0 10 24 17 24
O 0 0 11 21 3 3 2 10 2 2 3 12 19 16 16 16 16 10 23 6 6 6 16 16 9
R 000000000000000000000000
R 111111111110000000000000
R 000000000001111111111000
R 111000000000000000000111
R 111111111111111111111111
R 110111111111111111111111
R 001111111100000000000000
R 110000000011111111111111
R 111111111111111111111111
R 001000000000000000000000
R 000111111111000000000000
R 000000000000111111100000
R 111111111111111100011111
R 000000000000000000000000
R 000000000000000000000000
R 000000000000000000000000
R 111111111100000011111111
R 000000000011111111111110
R 111111000000000000000001
R 000000000000000000000000
R 000000000000000000000000
R 000000111111111100000000
R 111111111111111111111111
R 111111111000000011111111
R 111111111111111111111111
L 12 12 12 12 12 12 12 12 12 11 11 11 11 11 11 11 11 11 11 11 11 11 11 11

N 30 C 19
W 9 0 17 11 12 2 0 10 30 30 1 0 26 30 0 0 18 30 16
O 0 9 9 26 7 19 21 21 1 1 1 2 2 28 28 28 28 16 16
R 111111111000000000000000000000
R 000000000000000000000000000000
R 000000000111111111111111110000
R 111111100000000000000000001111
R 000000011111111111100000000000
R 000000000000000000011000000000
R 000000000000000000000000000000
R 100000000000000000000111111111
R 111111111111111111111111111111
R 111111111111111111111111111111
R 010000000000000000000000000000
R 000000000000000000000000000000
R 001111111111111111111111111100
R 111111111111111111111111111111
R 000000000000000000000000000000
R 000000000000000000000000000000
R 111111111111111100000000000011
R 111111111111111111111111111111
R 110000000000000011111111111111
L 9 9 8 8 8 8 8 8 8 8 8 8 8 8 8 8 8 8 8 8 8 8 8 8 8 8 8 8 8 8

N 4 C 21
W 0 4 4 0 0 3 4 4 0 4 2 2 0 1 2 0 1 2 2 0 0
O 0 0 0 0 0 0 3 3 3 3 3 1 3 3 0 2 2 3 1 3 3
R 0000
R 1111
R 1111
R 0000
R 0000
R 1110
R 1111
R 1111
R 0000
R 1111
R 1001
R 0110
R 0000
R 0001
R 1100
R 0000
R 0010
R 1001
R 0110
R 0000
R 0000
L 9 9 9 8

N 32 C 21
W 0 0 15 0 18 23 25 0 11 29 27 5 22 0 0 32 0 28 0 0 0
O 0 0 0 15 15 1 24 17 17 28 25 20 25 15 15 15 15 15 11 11 11
R 00000000000000000000000000000000
R 00000000000000000000000000000000
R 11111111111111100000000000000000
R 00000000000000000000000000000000
R 10000000000000011111111111111111
R 01111111111111111111111100000000
R 11111111111111111000000011111111
R 00000000000000000000000000000000
R 00000000000000000111111111110000
R 11111111111111111111111110001111
R 11111111111111111111000001111111
R 00000000000000000000111110000000
R 11111111111111100000000001111111
R 00000000000000000000000000000000
R 00000000000000000000000000000000
R 11111111111111111111111111111111
R 00000000000000000000000000000000
R 11111111111000011111111111111111
R 00000000000000000000000000000000
R 00000000000000000000000000000000
R 00000000000000000000000000000000
L 8 8 8 8 8 8 8 8 8 8 8 7 7 7 7 7 7 7 7 7 7 7 7 7 7 7 7 7 7 7 7 7

N 6 C 22
W 6 3 1 6 2 0 3 6 2 2 0 0 3 0 0 6 0 0 3 4 6 0
O 0 0 3 4 4 0 0 3 3 5 1 1 1 4 4 4 4 4 4 1 5 5
R 111111
R 111000
R 000100
R 111111
R 000011
R 000000
R 111000
R 111111
R 000110
R 100001
R 000000
R 000000
R 011100
R 000000
R 000000
R 111111
R 000000
R 000000
R 100011
R 011110
R 111111
R 000000
L 9 9 9 9 9 8

N 32 C 20
W 0 8 7 0 20 11 21 8 0 0 23 4 32 25 3 1 15 32 0 0
O 0 0 8 15 15 3 14 3 11 11 11 2 6 6 31 2 3 18 18 18
R 00000000000000000000000000000000
R 11111111000000000000000000000000
R 00000000111111100000000000000000
R 00000000000000000000000000000000
R 11100000000000011111111111111111
R 00011111111111000000000000000000
R 11100000000000111111111111111111
R 00011111111000000000000000000000
R 00000000000000000000000000000000
R 00000000000000000000000000000000
R 11000000000111111111111111111111
R 00111100000000000000000000000000
R 11111111111111111111111111111111
R 00000011111111111111111111111110
R 11000000000000000000000000000001
R 00100000000000000000000000000000
R 00011111111111111100000000000000
R 11111111111111111111111111111111
R 00000000000000000000000000000000
R 00000000000000000000000000000000
L 7 7 7 7 7 7 7 7 7 7 7 7 7 7 7 7 7 7 6 6 6 6 6 6 6 6 6 6 6 6 6 6

N 1 C 22
W 0 0 0 0 1 1 1 1 1 0 0 0 1 1 0 1 1 1 1 0 1 0
O 0 0 0 0 0 0 0 0 0 0 0 0 0 0 0 0 0 0 0 0 0 0
R 0
R 0
R 0
R 0
R 1
R 1
R 1
R 1
R 1
R 0
R 0
R 0
R 1
R 1
R 0
R 1
R 1
R 1
R 1
R 0
R 1
R 0
L 12

N 16 C 12
W 15 2 0 2 12 15 6 16 7 8 0 2
O 0 15 1 1 3 15 14 4 4 11 3 3
R 1111111111111110
R 1000000000000001
R 0000000000000000
R 0110000000000000
R 0001111111111110
R 1111111111111101
R 1111000000000011
R 1111111111111111
R 0000111111100000
R 1110000000011111
R 0000000000000000
R 0001100000000000
L 6 6 6 6 6 5 5 5 5 5 5 5 5 5 5 5

N 24 C 19
W 23 11 0 0 0 5 0 20 15 24 7 4 24 24 24 24 24 24 17
O 0 23 10 10 10 10 15 15 11 2 2 9 13 13 13 13 13 13 13
R 111111111111111111111110
R 111111111100000000000001
R 000000000000000000000000
R 000000000000000000000000
R 000000000000000000000000
R 000000000011111000000000
R 000000000000000000000000
R 111111111110000111111111
R 110000000001111111111111
R 111111111111111111111111
R 001111111000000000000000
R 000000000111100000000000
R 111111111111111111111111
R 111111111111111111111111
R 111111111111111111111111
R 111111111111111111111111
R 111111111111111111111111
R 111111111111111111111111
R 111111000000011111111111
L 12 12 12 12 12 12 11 11 11 11 11 11 11 11 11 11 11 11 11 11 11 11 11 11

N 30 C 20
W 30 30 0 0 30 0 30 4 30 24 29 27 3 25 30 30 30 6 30 0
O 0 0 0 0 0 0 0 0 4 4 28 27 24 27 22 22 22 22 28 28
R 111111111111111111111111111111
R 111111111111111111111111111111
R 000000000000000000000000000000
R 000000000000000000000000000000
R 111111111111111111111111111111
R 000000000000000000000000000000
R 111111111111111111111111111111
R 111100000000000000000000000000
R 111111111111111111111111111111
R 000011111111111111111111111100
R 111111111111111111111111111011
R 111111111111111111111111000111
R 000000000000000000000000111000
R 111111111111111111111100000111
R 111111111111111111111111111111
R 111111111111111111111111111111
R 111111111111111111111111111111
R 000000000000000000000011111100
R 111111111111111111111111111111
R 000000000000000000000000000000
L 13 13 13 13 13 13 13 13 13 13 13 13 13 13 13 13 13 13 13 13 13 13 13 13 13 13 13 13 12 12

N 31 C 25
W 26 0 22 31 31 31 31 5 29 31 20 0 12 31 0 14 11 9 31 0 31 0 0 13 6
O 0 26 26 17 17 17 17 17 22 20 20 9 9 21 21 21 4 15 24 24 24 24 24 24 6
R 1111111111111111111111111100000
R 0000000000000000000000000000000
R 1111111111111111100000000011111
R 1111111111111111111111111111111
R 1111111111111111111111111111111
R 1111111111111111111111111111111
R 1111111111111111111111111111111
R 0000000000000000011111000000000
R 1111111111111111111100111111111
R 1111111111111111111111111111111
R 1111111110000000000011111111111
R 0000000000000000000000000000000
R 0000000001111111111110000000000
R 1111111111111111111111111111111
R 0000000000000000000000000000000
R 1111000000000000000001111111111
R 0000111111111110000000000000000
R 0000000000000001111111110000000
R 1111111111111111111111111111111
R 0000000000000000000000000000000
R 1111111111111111111111111111111
R 0000000000000000000000000000000
R 0000000000000000000000000000000
R 1111110000000000000000001111111
R 0000001111110000000000000000000
L 14 14 14 14 14 14 14 14 14 14 14 14 13 13 13 13 13 13 13 13 13 13 13 13 13 13 13 13 13 13 13

N 21 C 24
W 21 21 7 19 1 4 17 21 21 21 6 21 0 0 1 14 0 0 16 14 21 0 20 14
O 0 0 0 7 5 6 10 6 6 6 6 12 12 12 12 13 6 6 6 1 15 15 15 14
R 111111111111111111111
R 111111111111111111111
R 111111100000000000000
R 111110011111111111111
R 000001000000000000000
R 000000111100000000000
R 111111000011111111111
R 111111111111111111111
R 111111111111111111111
R 111111111111111111111
R 000000111111000000000
R 111111111111111111111
R 000000000000000000000
R 000000000000000000000
R 000000000000100000000
R 111111000000011111111
R 000000000000000000000
R 000000000000000000000
R 100000111111111111111
R 011111111111111000000
R 111111111111111111111
R 000000000000000000000
R 111111111111110111111
R 111111100000001111111
L 14 14 14 14 14 14 14 13 13 13 13 13 13 13 13 13 13 13 13 13 13

N 12 C 26
W 7 5 3 7 5 3 8 11 4 7 0 0 6 8 1 1 11 12 2 7 12 2 0 4 9 12
O 0 7 0 3 10 3 6 2 1 5 0 0 0 6 2 3 4 3 3 5 0 0 2 2 6 3
R 111111100000
R 000000011111
R 111000000000
R 000111111100
R 111000000011
R 000111000000
R 110000111111
R 101111111111
R 011110000000
R 000001111111
R 000000000000
R 000000000000
R 111111000000
R 110000111111
R 001000000000
R 000100000000
R 111011111111
R 111111111111
R 000110000000
R 000001111111
R 111111111111
R 110000000000
R 000000000000
R 001111000000
R 111000111111
R 111111111111
L 13 13 13 12 12 12 12 12 12 12 12 12

N 18 C 9
W 2 3 2 18 17 18 5 6 18
O 0 2 5 7 7 6 6 11 17
R 110000000000000000
R 001110000000000000
R 000001100000000000
R 111111111111111111
R 111111011111111111
R 111111111111111111
R 000000111110000000
R 000000000001111110
R 111111111111111111
L 5 5 5 5 5 5 5 5 5 5 5 5 5 5 5 5 5 4

N 30 C 15
W 30 25 23 0 30 8 29 30 30 7 4 0 0 10 30
O 0 0 25 18 18 18 26 25 25 25 2 6 6 6 16
R 111111111111111111111111111111
R 111111111111111111111111100000
R 111111111111111111000000011111
R 000000000000000000000000000000
R 111111111111111111111111111111
R 000000000000000000111111110000
R 111111111111111111111111101111
R 111111111111111111111111111111
R 111111111111111111111111111111
R 110000000000000000000000011111
R 001111000000000000000000000000
R 000000000000000000000000000000
R 000000000000000000000000000000
R 000000111111111100000000000000
R 111111111111111111111111111111
L 9 9 9 9 9 9 9 9 9 9 9 9 9 9 9 9 8 8 8 8 8 8 8 8 8 8 8 8 8 8

N 4 C 29
W 4 0 1 0 0 0 4 2 4 3 2 2 3 4 0 3 3 4 4 0 4 2 4 0 4 3 4 0 4
O 0 0 0 1 1 1 1 1 3 3 2 0 2 1 1 1 0 3 3 3 3 3 1 1 1 1 0 0 0
R 1111
R 0000
R 1000
R 0000
R 0000
R 0000
R 1111
R 0110
R 1111
R 1101
R 0011
R 1100
R 1011
R 1111
R 0000
R 0111
R 1110
R 1111
R 1111
R 0000
R 1111
R 1001
R 1111
R 0000
R 1111
R 0111
R 1111
R 0000
R 1111
L 17 17 17 17

N 5 C 24
W 0 0 0 5 3 1 0 4 0 5 5 5 0 0 4 3 1 5 3 2 4 2 0 5
O 0 0 0 0 0 3 4 4 3 3 3 3 3 3 3 2 0 1 1 4 1 0 2 2
R 00000
R 00000
R 00000
R 11111
R 11100
R 00010
R 00000
R 11101
R 00000
R 11111
R 11111
R 11111
R 00000
R 00000
R 11011
R 00111
R 10000
R 11111
R 01110
R 10001
R 01111
R 11000
R 00000
R 11111
L 12 12 11 11 11

N 11 C 13
W 6 11 11 9 11 2 11 6 2 4 1 2 9
O 0 6 6 6 4 4 6 6 1 3 7 8 10
R 11111100000
R 11111111111
R 11111111111
R 11110011111
R 11111111111
R 00001100000
R 11111111111
R 10000011111
R 01100000000
R 00011110000
R 00000001000
R 00000000110
R 11111111001
L 8 8 8 8 8 8 8 8 7 7 7

N 11 C 19
W 8 10 11 2 10 8 0 9 11 1 0 11 6 6 3 9 2 7 11
O 0 8 7 7 9 8 5 5 3 3 4 4 4 10 5 8 6 8 4
R 11111111000
R 11111110111
R 11111111111
R 00000001100
R 11111111011
R 11111000111
R 00000000000
R 11100111111
R 11111111111
R 00010000000
R 00000000000
R 11111111111
R 00001111110
R 11111000001
R 00000111000
R 11111100111
R 00000011000
R 11110000111
R 11111111111
L 12 12 12 12 11 11 11 11 11 11 11

N 26 C 4
W 6 2 0 14
O 0 6 8 8
R 11111100000000000000000000
R 00000011000000000000000000
R 00000000000000000000000000
R 00000000111111111111110000
L 1 1 1 1 1 1 1 1 1 1 1 1 1 1 1 1 1 1 1 1 1 1 0 0 0 0

N 13 C 3
W 10 3 0
O 0 10 0
R 1111111111000
R 0000000000111
R 0000000000000
L 1 1 1 1 1 1 1 1 1 1 1 1 1

N 6 C 0
W 
O 
L 0 0 0 0 0 0

N 24 C 9
W 24 24 23 20 0 0 3 11 11
O 0 0 0 23 19 19 19 22 9
R 111111111111111111111111
R 111111111111111111111111
R 111111111111111111111110
R 111111111111111111100001
R 000000000000000000000000
R 000000000000000000000000
R 000000000000000000011100
R 111111111000000000000011
R 000000000111111111110000
L 5 5 5 5 5 5 5 5 5 5 5 5 5 5 5 5 5 5 5 5 4 4 4 4

N 3 C 0
W 
O 
L 0 0 0

N 4 C 15
W 4 4 2 4 2 0 2 4 2 2 3 1 4 4 3
O 0 0 0 2 2 0 0 2 2 0 2 1 2 2 2
R 1111
R 1111
R 1100
R 1111
R 0011
R 0000
R 1100
R 1111
R 0011
R 1100
R 1011
R 0100
R 1111
R 1111
R 1011
L 11 10 10 10

N 10 C 2
W 9 3
O 0 9
R 1111111110
R 1100000001
L 2 2 1 1 1 1 1 1 1 1

N 30 C 17
W 30 0 15 22 7 23 30 6 30 12 0 7 17 30 15 17 0
O 0 0 0 15 7 14 7 7 13 13 25 25 2 19 19 4 21
R 111111111111111111111111111111
R 000000000000000000000000000000
R 111111111111111000000000000000
R 111111100000000111111111111111
R 000000011111110000000000000000
R 111111100000001111111111111111
R 111111111111111111111111111111
R 000000011111100000000000000000
R 111111111111111111111111111111
R 000000000000011111111111100000
R 000000000000000000000000000000
R 110000000000000000000000011111
R 001111111111111111100000000000
R 111111111111111111111111111111
R 111100000000000000011111111111
R 000011111111111111111000000000
R 000000000000000000000000000000
L 9 9 9 9 9 9 9 9 9 9 9 9 9 9 9 9 9 9 9 9 9 8 8 8 8 8 8 8 8 8

N 23 C 1
W 20
O 0
R 11111111111111111111000
L 1 1 1 1 1 1 1 1 1 1 1 1 1 1 1 1 1 1 1 1 0 0 0

N 1 C 27
W 0 1 1 0 0 1 1 0 0 0 1 0 1 1 0 1 0 0 0 0 1 0 1 0 1 0 0
O 0 0 0 0 0 0 0 0 0 0 0 0 0 0 0 0 0 0 0 0 0 0 0 0 0 0 0
R 0
R 1
R 1
R 0
R 0
R 1
R 1
R 0
R 0
R 0
R 1
R 0
R 1
R 1
R 0
R 1
R 0
R 0
R 0
R 0
R 1
R 0
R 1
R 0
R 1
R 0
R 0
L 11

N 14 C 26
W 14 0 14 3 8 1 14 0 14 0 0 14 0 13 14 14 2 2 4 3 0 14 14 14 12 7
O 0 0 0 0 3 11 12 12 12 12 12 12 12 12 11 11 11 13 1 5 8 8 8 8 8 6
R 11111111111111
R 00000000000000
R 11111111111111
R 11100000000000
R 00011111111000
R 00000000000100
R 11111111111111
R 00000000000000
R 11111111111111
R 00000000000000
R 00000000000000
R 11111111111111
R 00000000000000
R 11111111111011
R 11111111111111
R 11111111111111
R 00000000000110
R 10000000000001
R 01111000000000
R 00000111000000
R 00000000000000
R 11111111111111
R 11111111111111
R 11111111111111
R 11111100111111
R 00000011111110
L 14 14 14 14 14 14 14 14 14 14 14 14 14 13

N 26 C 4
W 0 19 0 0
O 0 0 19 19
R 00000000000000000000000000
R 11111111111111111110000000
R 00000000000000000000000000
R 00000000000000000000000000
L 1 1 1 1 1 1 1 1 1 1 1 1 1 1 1 1 1 1 1 0 0 0 0 0 0 0

N 6 C 6
W 0 4 6 2 1 0
O 0 0 4 4 0 1
R 000000
R 111100
R 111111
R 000011
R 100000
R 000000
L 3 2 2 2 2 2

N 8 C 8
W 0 8 6 0 7 6 0 2
O 0 0 0 6 6 5 3 3
R 00000000
R 11111111
R 11111100
R 00000000
R 11111011
R 11100111
R 00000000
R 00011000
L 4 4 4 4 4 3 3 3

N 8 C 2
W 8 0
O 0 0
R 11111111
R 00000000
L 1 1 1 1 1 1 1 1

N 11 C 0
W 
O 
L 0 0 0 0 0 0 0 0 0 0 0

N 20 C 13
W 20 8 20 18 0 20 0 20 0 5 20 18 18
O 0 0 8 8 6 6 6 6 6 6 11 11 9
R 11111111111111111111
R 11111111000000000000
R 11111111111111111111
R 11111100111111111111
R 00000000000000000000
R 11111111111111111111
R 00000000000000000000
R 11111111111111111111
R 00000000000000000000
R 00000011111000000000
R 11111111111111111111
R 11111111100111111111
R 11111110011111111111
L 9 9 9 9 9 9 9 8 8 8 8 8 8 8 8 8 8 8 8 8

N 4 C 32
W 4 0 4 0 0 4 1 3 1 1 2 4 3 0 4 4 0 0 2 3 0 0 0 4 0 0 4 0 4 4 1 0
O 0 0 0 0 0 0 0 1 0 1 2 0 0 3 3 3 3 3 3 1 0 0 0 0 0 0 0 0 0 0 0 1
R 1111
R 0000
R 1111
R 0000
R 0000
R 1111
R 1000
R 0111
R 1000
R 0100
R 0011
R 1111
R 1110
R 0000
R 1111
R 1111
R 0000
R 0000
R 1001
R 0111
R 0000
R 0000
R 0000
R 1111
R 0000
R 0000
R 1111
R 0000
R 1111
R 1111
R 1000
R 0000
L 15 14 14 14

N 22 C 19
W 7 0 7 22 11 0 5 0 12 0 0 20 16 22 9 5 18 17 0
O 0 7 7 14 14 3 3 8 8 20 20 20 18 12 12 21 4 0 17
R 1111111000000000000000
R 0000000000000000000000
R 0000000111111100000000
R 1111111111111111111111
R 1110000000000011111111
R 0000000000000000000000
R 0001111100000000000000
R 0000000000000000000000
R 0000000011111111111100
R 0000000000000000000000
R 0000000000000000000000
R 1111111111111111110011
R 1111111111110000001111
R 1111111111111111111111
R 0000000000001111111110
R 1111000000000000000001
R 0000111111111111111111
R 1111111111111111100000
R 0000000000000000000000
L 8 8 8 8 8 8 8 8 8 8 8 8 8 8 8 8 8 7 7 7 7 7

N 24 C 25
W 24 24 24 12 24 6 0 7 24 7 21 1 24 24 24 24 17 24 0 22 0 12 13 4 23
O 0 0 0 0 12 12 18 18 1 1 8 5 6 6 6 6 6 23 23 23 21 21 9 22 2
R 111111111111111111111111
R 111111111111111111111111
R 111111111111111111111111
R 111111111111000000000000
R 111111111111111111111111
R 000000000000111111000000
R 000000000000000000000000
R 100000000000000000111111
R 111111111111111111111111
R 011111110000000000000000
R 111110001111111111111111
R 000001000000000000000000
R 111111111111111111111111
R 111111111111111111111111
R 111111111111111111111111
R 111111111111111111111111
R 000000111111111111111110
R 111111111111111111111111
R 000000000000000000000000
R 111111111111111111111001
R 000000000000000000000000
R 111111111000000000000111
R 000000000111111111111100
R 110000000000000000000011
R 101111111111111111111111
L 17 16 16 16 16 16 16 16 16 16 16 16 16 16 16 16 16 16 16 16 16 16 16 16

N 3 C 26
W 3 2 0 3 2 0 3 2 1 0 0 0 3 0 0 0 0 3 1 3 3 3 1 0 3 0
O 0 0 2 2 2 1 1 1 0 1 1 1 1 1 1 1 1 1 1 2 2 2 2 0 0 0
R 111
R 110
R 000
R 111
R 101
R 000
R 111
R 011
R 100
R 000
R 000
R 000
R 111
R 000
R 000
R 000
R 000
R 111
R 010
R 111
R 111
R 111
R 001
R 000
R 111
R 000
L 12 12 12

N 7 C 22
W 7 0 7 6 7 2 7 7 1 0 1 7 0 2 1 0 4 7 0 7 7 7
O 0 0 0 0 6 6 1 1 1 2 2 3 3 3 5 6 6 3 3 3 3 3
R 1111111
R 0000000
R 1111111
R 1111110
R 1111111
R 1000001
R 1111111
R 1111111
R 0100000
R 0000000
R 0010000
R 1111111
R 0000000
R 0001100
R 0000010
R 0000000
R 1110001
R 1111111
R 0000000
R 1111111
R 1111111
R 1111111
L 13 13 13 12 12 12 12

N 26 C 29
W 20 21 26 7 26 20 9 26 19 0 20 0 2 25 16 9 10 26 26 26 0 16 0 0 0 26 0 0 7
O 0 20 15 15 22 22 16 25 25 18 18 12 12 14 13 3 12 22 22 22 22 22 12 12 12 12 12 12 12
R 11111111111111111111000000
R 11111111111111100000111111
R 11111111111111111111111111
R 00000000000000011111110000
R 11111111111111111111111111
R 11111111111111110000001111
R 00000000000000001111111110
R 11111111111111111111111111
R 11111111111111111100000001
R 00000000000000000000000000
R 11111111111100000011111111
R 00000000000000000000000000
R 00000000000011000000000000
R 11111111111110111111111111
R 11100000000001111111111111
R 00011111111100000000000000
R 00000000000011111111110000
R 11111111111111111111111111
R 11111111111111111111111111
R 11111111111111111111111111
R 00000000000000000000000000
R 11111111111100000000001111
R 00000000000000000000000000
R 00000000000000000000000000
R 00000000000000000000000000
R 11111111111111111111111111
R 00000000000000000000000000
R 00000000000000000000000000
R 00000000000011111110000000
L 15 15 15 15 15 15 15 15 15 15 15 15 15 15 15 15 15 15 15 14 14 14 14 14 14 14

N 15 C 16
W 15 7 10 1 11 1 0 2 4 0 2 15 7 8 2 2
O 0 0 7 2 3 14 0 0 2 6 6 8 8 0 8 10
R 111111111111111
R 111111100000000
R 110000011111111
R 001000000000000
R 000111111111110
R 000000000000001
R 000000000000000
R 110000000000000
R 001111000000000
R 000000000000000
R 000000110000000
R 111111111111111
R 000000001111111
R 111111110000000
R 000000001100000
R 000000000011000
L 6 6 6 6 6 6 6 6 6 6 6 6 5 5 5

N 24 C 0
W 
O 
L 0 0 0 0 0 0 0 0 0 0 0 0 0 0 0 0 0 0 0 0 0 0 0 0

N 1 C 26
W 1 0 1 1 1 0 0 1 0 1 0 0 0 1 1 0 1 0 1 0 1 0 0 0 1 1
O 0 0 0 0 0 0 0 0 0 0 0 0 0 0 0 0 0 0 0 0 0 0 0 0 0 0
R 1
R 0
R 1
R 1
R 1
R 0
R 0
R 1
R 0
R 1
R 0
R 0
R 0
R 1
R 1
R 0
R 1
R 0
R 1
R 0
R 1
R 0
R 0
R 0
R 1
R 1
L 13

N 23 C 13
W 0 8 7 23 0 1 7 18 11 13 0 23 4
O 0 0 8 15 15 15 16 0 18 6 19 19 19
R 00000000000000000000000
R 11111111000000000000000
R 00000000111111100000000
R 11111111111111111111111
R 00000000000000000000000
R 00000000000000010000000
R 00000000000000001111111
R 11111111111111111100000
R 11111100000000000011111
R 00000011111111111110000
R 00000000000000000000000
R 11111111111111111111111
R 00000000000000000001111
L 5 5 5 5 5 5 5 5 5 5 5 5 5 5 5 5 5 5 5 5 5 5 5

N 5 C 30
W 0 0 0 2 1 0 0 5 2 5 5 5 4 5 2 0 1 1 0 5 4 0 5 5 5 1 0 5 5 1
O 0 0 0 0 2 3 3 3 3 0 0 0 0 4 4 1 1 2 3 3 3 2 2 2 2 2 3 3 3 3
R 00000
R 00000
R 00000
R 11000
R 00100
R 00000
R 00000
R 11111
R 00011
R 11111
R 11111
R 11111
R 11110
R 11111
R 10001
R 00000
R 01000
R 00100
R 00000
R 11111
R 11011
R 00000
R 11111
R 11111
R 11111
R 00100
R 00000
R 11111
R 11111
R 00010
L 15 15 15 15 14

N 7 C 12
W 6 0 3 7 2 1 7 4 1 0 7 7
O 0 6 6 2 2 4 5 5 2 3 3 3
R 1111110
R 0000000
R 1100001
R 1111111
R 0011000
R 0000100
R 1111111
R 1100011
R 0010000
R 0000000
R 1111111
R 1111111
L 7 7 7 6 6 6 6

N 22 C 31
W 9 7 22 20 15 14 1 0 13 15 0 4 7 20 6 0 19 22 0 21 18 22 0 16 21 13 5 22 22 17 20
O 0 9 16 16 14 7 21 0 0 13 6 6 10 17 15 21 21 18 18 18 17 13 13 13 7 6 19 2 2 2 19
R 1111111110000000000000
R 0000000001111111000000
R 1111111111111111111111
R 1111111111111100111111
R 1111111000000011111111
R 0000000111111111111110
R 0000000000000000000001
R 0000000000000000000000
R 1111111111111000000000
R 1111110000000111111111
R 0000000000000000000000
R 0000001111000000000000
R 0000000000111111100000
R 1111111111111110011111
R 0000000000000001111110
R 0000000000000000000000
R 1111111111111111110001
R 1111111111111111111111
R 0000000000000000000000
R 1111111111111111101111
R 1111111111111000011111
R 1111111111111111111111
R 0000000000000000000000
R 1111111000000111111111
R 1111110111111111111111
R 0000001111111111111000
R 1100000000000000000111
R 1111111111111111111111
R 1111111111111111111111
R 0011111111111111111000
R 1111111111111111100111
L 18 18 18 18 18 18 18 18 18 18 18 18 18 18 18 18 18 17 17 17 17 17

N 20 C 9
W 0 15 0 20 18 2 19 19 12
O 0 0 15 15 15 13 15 14 13
R 00000000000000000000
R 11111111111111100000
R 00000000000000000000
R 11111111111111111111
R 11111111111110011111
R 00000000000001100000
R 11111111111111011111
R 11111111111110111111
R 11111000000001111111
L 6 6 6 6 6 5 5 5 5 5 5 5 5 5 5 5 5 5 5 5

N 13 C 10
W 13 8 8 13 5 0 3 7 6 0
O 0 0 8 3 3 8 8 11 5 11
R 1111111111111
R 1111111100000
R 1110000011111
R 1111111111111
R 0001111100000
R 0000000000000
R 0000000011100
R 1111100000011
R 0000011111100
R 0000000000000
L 5 5 5 5 5 5 5 5 5 5 5 4 4

N 8 C 27
W 0 0 8 0 0 6 0 0 3 8 3 3 1 7 8 4 1 0 2 3 1 8 8 0 0 8 1
O 0 0 0 0 0 0 6 6 6 1 1 4 7 0 7 7 3 4 4 6 1 2 2 2 2 2 2
R 00000000
R 00000000
R 11111111
R 00000000
R 00000000
R 11111100
R 00000000
R 00000000
R 10000011
R 11111111
R 01110000
R 00001110
R 00000001
R 11111110
R 11111111
R 11100001
R 00010000
R 00000000
R 00001100
R 10000011
R 01000000
R 11111111
R 11111111
R 00000000
R 00000000
R 11111111
R 00100000
L 11 11 11 10 10 10 10 10

N 20 C 19
W 20 16 20 20 19 19 20 0 18 20 20 20 4 0 0 0 8 18 6
O 0 0 16 16 16 15 14 14 14 12 12 12 12 16 16 16 16 4 2
R 11111111111111111111
R 11111111111111110000
R 11111111111111111111
R 11111111111111111111
R 11111111111111101111
R 11111111111111011111
R 11111111111111111111
R 00000000000000000000
R 11111111111100111111
R 11111111111111111111
R 11111111111111111111
R 11111111111111111111
R 00000000000011110000
R 00000000000000000000
R 00000000000000000000
R 00000000000000000000
R 11110000000000001111
R 11001111111111111111
R 00111111000000000000
L 13 13 13 13 13 13 13 13 12 12 12 12 12 12 12 12 12 12 12 12

N 10 C 15
W 8 7 2 1 1 0 3 10 6 1 0 4 9 1 0
O 0 8 5 7 8 9 9 2 2 8 9 9 3 2 3
R 1111111100
R 1111100011
R 0000011000
R 0000000100
R 0000000010
R 0000000000
R 1100000001
R 1111111111
R 0011111100
R 0000000010
R 0000000000
R 1110000001
R 1101111111
R 0010000000
R 0000000000
L 6 6 6 5 5 5 5 5 5 5

N 5 C 24
W 1 4 0 0 0 5 3 0 4 1 5 5 0 3 0 0 1 0 1 4 2 0 5 5
O 0 1 0 0 0 0 0 3 3 2 3 3 3 3 1 1 1 2 2 3 2 4 4 4
R 10000
R 01111
R 00000
R 00000
R 00000
R 11111
R 11100
R 00000
R 11011
R 00100
R 11111
R 11111
R 00000
R 10011
R 00000
R 00000
R 01000
R 00000
R 00100
R 11011
R 00110
R 00000
R 11111
R 11111
L 10 10 10 10 9

N 16 C 7
W 16 8 15 16 0 9 12
O 0 0 8 7 7 7 0
R 1111111111111111
R 1111111100000000
R 1111111011111111
R 1111111111111111
R 0000000000000000
R 0000000111111111
R 1111111111110000
L 5 5 5 5 5 5 5 5 5 5 5 5 4 4 4 4

N 8 C 11
W 3 5 8 8 6 3 8 8 2 8 8
O 0 3 0 0 0 6 1 1 1 3 3
R 11100000
R 00011111
R 11111111
R 11111111
R 11111100
R 10000011
R 11111111
R 11111111
R 01100000
R 11111111
R 11111111
L 9 9 9 8 8 8 8 8

N 7 C 28
W 7 7 4 1 0 6 0 7 7 0 0 0 0 0 7 2 1 0 5 0 5 1 7 7 1 4 0 7
O 0 0 0 4 5 5 4 4 4 4 4 4 4 4 4 4 6 0 0 5 5 3 4 4 4 5 2 2
R 1111111
R 1111111
R 1111000
R 0000100
R 0000000
R 1111011
R 0000000
R 1111111
R 1111111
R 0000000
R 0000000
R 0000000
R 0000000
R 0000000
R 1111111
R 0000110
R 0000001
R 0000000
R 1111100
R 0000000
R 1110011
R 0001000
R 1111111
R 1111111
R 0000100
R 1100011
R 0000000
R 1111111
L 13 13 12 12 12 12 12

N 14 C 12
W 5 0 0 14 0 0 6 10 13 13 14 8
O 0 5 5 5 5 5 5 11 7 6 5 5
R 11111000000000
R 00000000000000
R 00000000000000
R 11111111111111
R 00000000000000
R 00000000000000
R 00000111111000
R 11111110000111
R 11111101111111
R 11111011111111
R 11111111111111
R 00000111111110
L 6 6 6 6 6 6 6 6 6 6 6 6 6 5

N 6 C 23
W 1 0 5 2 6 5 6 6 0 4 0 5 3 6 6 6 2 1 3 2 2 6 0
O 0 1 1 0 2 2 1 1 1 1 5 5 4 1 1 1 1 3 4 1 3 5 5
R 100000
R 000000
R 011111
R 110000
R 111111
R 101111
R 111111
R 111111
R 000000
R 011110
R 000000
R 111101
R 100011
R 111111
R 111111
R 111111
R 011000
R 000100
R 100011
R 011000
R 000110
R 111111
R 000000
L 13 13 13 13 13 12

N 29 C 4
W 23 0 0 24
O 0 23 23 23
R 11111111111111111111111000000
R 00000000000000000000000000000
R 00000000000000000000000000000
R 11111111111111111100000111111
L 2 2 2 2 2 2 2 2 2 2 2 2 2 2 2 2 2 2 1 1 1 1 1 1 1 1 1 1 1

N 28 C 23
W 0 23 4 0 26 0 16 28 5 28 28 28 6 7 28 1 25 19 0 27 0 25 0
O 0 0 23 27 27 25 25 13 13 18 18 18 18 24 3 3 4 1 20 20 19 19 16
R 0000000000000000000000000000
R 1111111111111111111111100000
R 0000000000000000000000011110
R 0000000000000000000000000000
R 1111111111111111111111111001
R 0000000000000000000000000000
R 1111111111111000000000000111
R 1111111111111111111111111111
R 0000000000000111110000000000
R 1111111111111111111111111111
R 1111111111111111111111111111
R 1111111111111111111111111111
R 0000000000000000001111110000
R 1110000000000000000000001111
R 1111111111111111111111111111
R 0001000000000000000000000000
R 1000111111111111111111111111
R 0111111111111111111100000000
R 0000000000000000000000000000
R 1111111111111111111011111111
R 0000000000000000000000000000
R 1111111111111111000111111111
R 0000000000000000000000000000
L 12 12 12 12 12 12 12 12 12 12 12 12 12 12 12 12 11 11 11 11 11 11 11 11 11 11 11 11

N 11 C 9
W 5 0 5 0 1 11 3 0 0
O 0 5 5 10 10 0 0 3 3
R 11111000000
R 00000000000
R 00000111110
R 00000000000
R 00000000001
R 11111111111
R 11100000000
R 00000000000
R 00000000000
L 3 3 3 2 2 2 2 2 2 2 2

N 15 C 29
W 15 0 13 5 2 0 7 7 15 0 0 15 7 4 15 6 15 0 3 0 2 8 8 15 2 0 15 11 5
O 0 0 0 13 3 5 5 12 4 4 4 4 4 11 0 0 6 6 6 9 9 11 4 12 12 14 14 14 10
R 111111111111111
R 000000000000000
R 111111111111100
R 111000000000011
R 000110000000000
R 000000000000000
R 000001111111000
R 111100000000111
R 111111111111111
R 000000000000000
R 000000000000000
R 111111111111111
R 000011111110000
R 000000000001111
R 111111111111111
R 111111000000000
R 111111111111111
R 000000000000000
R 000000111000000
R 000000000000000
R 000000000110000
R 111100000001111
R 000011111111000
R 111111111111111
R 000000000000110
R 000000000000000
R 111111111111111
R 111111111100001
R 000000000011111
L 13 13 13 13 13 13 13 13 13 13 13 13 13 13 13

N 28 C 10
W 18 28 0 6 20 28 0 21 0 13
O 0 18 18 18 24 16 16 16 9 9
R 1111111111111111110000000000
R 1111111111111111111111111111
R 0000000000000000000000000000
R 0000000000000000001111110000
R 1111111111111111000000001111
R 1111111111111111111111111111
R 0000000000000000000000000000
R 1111111110000000111111111111
R 0000000000000000000000000000
R 0000000001111111111111000000
L 5 5 5 5 5 5 5 5 5 5 5 5 5 5 5 5 5 5 5 5 5 5 4 4 4 4 4 4

N 24 C 26
W 10 0 1 22 6 22 0 24 24 0 10 16 24 23 15 24 24 12 6 24 11 24 9 7 0 24
O 0 10 10 11 9 15 13 13 13 13 13 23 15 15 14 5 5 5 17 23 23 10 10 19 2 2
R 111111111100000000000000
R 000000000000000000000000
R 000000000010000000000000
R 111111111001111111111111
R 000000000111111000000000
R 111111111111100111111111
R 000000000000000000000000
R 111111111111111111111111
R 111111111111111111111111
R 000000000000000000000000
R 000000000000011111111110
R 111111111111111000000001
R 111111111111111111111111
R 111111111111110111111111
R 111110000000001111111111
R 111111111111111111111111
R 111111111111111111111111
R 000001111111111110000000
R 000000000000000001111110
R 111111111111111111111111
R 111111111100000000000001
R 111111111111111111111111
R 000000000011111111100000
R 110000000000000000011111
R 000000000000000000000000
R 111111111111111111111111
L 16 16 15 15 15 15 15 15 15 15 15 15 15 15 15 15 15 15 15 15 15 15 15 15

N 11 C 29
W 11 7 3 0 0 0 8 0 0 4 0 5 11 7 1 9 1 6 0 3 7 4 11 7 11 0 6 0 7
O 0 0 7 10 10 10 10 7 7 7 0 0 5 5 1 2 0 1 7 7 10 6 10 10 6 6 6 1 1
R 11111111111
R 11111110000
R 00000001110
R 00000000000
R 00000000000
R 00000000000
R 11111110001
R 00000000000
R 00000000000
R 00000001111
R 00000000000
R 11111000000
R 11111111111
R 10000111111
R 01000000000
R 00111111111
R 10000000000
R 01111110000
R 00000000000
R 00000001110
R 11111100001
R 00000011110
R 11111111111
R 11111100001
R 11111111111
R 00000000000
R 10000011111
R 00000000000
R 01111111000
L 12 12 12 12 12 12 12 12 11 11 11

N 10 C 27
W 0 7 10 2 0 3 10 1 10 1 0 6 7 3 8 2 10 10 3 10 10 0 9 0 10 7 4
O 0 0 7 7 9 9 2 2 3 3 4 4 0 7 0 8 0 0 0 3 3 3 3 2 2 2 9
R 0000000000
R 1111111000
R 1111111111
R 0000000110
R 0000000000
R 1100000001
R 1111111111
R 0010000000
R 1111111111
R 0001000000
R 0000000000
R 0000111111
R 1111111000
R 0000000111
R 1111111100
R 0000000011
R 1111111111
R 1111111111
R 1110000000
R 1111111111
R 1111111111
R 0000000000
R 1101111111
R 0000000000
R 1111111111
R 0011111110
R 1110000001
L 15 15 15 14 14 14 14 14 14 14

N 8 C 23
W 7 3 0 0 8 6 0 1 8 0 8 2 0 1 8 2 4 0 7 8 0 8 6
O 0 7 2 2 2 2 0 0 1 1 1 1 3 3 4 4 6 2 2 1 1 1 1
R 11111110
R 11000001
R 00000000
R 00000000
R 11111111
R 00111111
R 00000000
R 10000000
R 11111111
R 00000000
R 11111111
R 01100000
R 00000000
R 00010000
R 11111111
R 00001100
R 11000011
R 00000000
R 10111111
R 11111111
R 00000000
R 11111111
R 01111110
L 11 11 11 11 11 11 11 10

N 30 C 19
W 0 0 12 15 0 25 26 0 27 14 1 21 16 0 13 4 30 30 30
O 0 0 0 12 27 27 22 18 18 15 29 0 21 7 7 20 24 24 24
R 000000000000000000000000000000
R 000000000000000000000000000000
R 111111111111000000000000000000
R 000000000000111111111111111000
R 000000000000000000000000000000
R 111111111111111111111100000111
R 111111111111111111000011111111
R 000000000000000000000000000000
R 111111111111111000111111111111
R 000000000000000111111111111110
R 000000000000000000000000000001
R 111111111111111111111000000000
R 111111100000000000000111111111
R 000000000000000000000000000000
R 000000011111111111110000000000
R 000000000000000000001111000000
R 111111111111111111111111111111
R 111111111111111111111111111111
R 111111111111111111111111111111
L 9 9 9 9 9 9 9 9 9 9 9 9 9 9 9 9 9 9 9 9 9 9 9 9 8 8 8 8 8 8

N 11 C 30
W 3 1 0 11 11 11 11 0 7 3 11 0 11 5 11 1 10 1 3 10 1 8 7 0 10 3 0 11 11 4
O 0 3 4 4 4 4 4 4 4 0 3 3 3 3 8 8 9 8 9 1 0 1 9 5 5 4 7 7 7 7
R 11100000000
R 00010000000
R 00000000000
R 11111111111
R 11111111111
R 11111111111
R 11111111111
R 00000000000
R 00001111111
R 11100000000
R 11111111111
R 00000000000
R 11111111111
R 00011111000
R 11111111111
R 00000000100
R 11111111011
R 00000000100
R 10000000011
R 01111111111
R 10000000000
R 01111111100
R 11111000011
R 00000000000
R 11110111111
R 00001110000
R 00000000000
R 11111111111
R 11111111111
R 00000001111
L 16 16 16 16 16 16 16 16 16 16 16

N 15 C 0
W 
O 
L 0 0 0 0 0 0 0 0 0 0 0 0 0 0 0

N 30 C 17
W 0 30 27 13 15 24 30 30 30 23 17 8 29 0 30 16 18
O 0 0 0 27 10 25 19 19 19 19 12 29 7 6 6 6 22
R 000000000000000000000000000000
R 111111111111111111111111111111
R 111111111111111111111111111000
R 111111111100000000000000000111
R 000000000011111111111111100000
R 111111111111111111100000011111
R 111111111111111111111111111111
R 111111111111111111111111111111
R 111111111111111111111111111111
R 111111111111000000011111111111
R 000000000000111111111111111110
R 111111100000000000000000000001
R 111111011111111111111111111111
R 000000000000000000000000000000
R 111111111111111111111111111111
R 000000111111111111111100000000
R 111111111100000000000011111111
L 12 12 12 12 12 12 12 12 12 12 11 11 11 11 11 11 11 11 11 11 11 11 11 11 11 11 11 11 11 11

N 31 C 16
W 31 14 31 7 15 2 31 9 31 28 0 31 14 25 23 9
O 0 0 14 14 21 5 7 7 16 16 13 13 13 27 21 13
R 1111111111111111111111111111111
R 1111111111111100000000000000000
R 1111111111111111111111111111111
R 0000000000000011111110000000000
R 1111100000000000000001111111111
R 0000011000000000000000000000000
R 1111111111111111111111111111111
R 0000000111111111000000000000000
R 1111111111111111111111111111111
R 1111111111111000111111111111111
R 0000000000000000000000000000000
R 1111111111111111111111111111111
R 0000000000000111111111111110000
R 1111111111111111111110000001111
R 1111111111111000000001111111111
R 0000000000000111111111000000000
L 10 10 10 10 10 10 10 10 10 10 10 10 10 10 10 10 10 10 10 10 10 10 9 9 9 9 9 9 9 9 9

N 8 C 30
W 0 3 4 0 8 0 5 8 2 2 0 0 6 8 0 8 3 8 8 8 3 0 4 3 1 0 5 0 7 3
O 0 0 3 7 7 7 7 4 4 6 0 0 0 6 6 6 6 1 1 1 1 4 4 0 3 4 4 1 1 0
R 00000000
R 11100000
R 00011110
R 00000000
R 11111111
R 00000000
R 11110001
R 11111111
R 00001100
R 00000011
R 00000000
R 00000000
R 11111100
R 11111111
R 00000000
R 11111111
R 10000011
R 11111111
R 11111111
R 11111111
R 01110000
R 00000000
R 00001111
R 11100000
R 00010000
R 00000000
R 10001111
R 00000000
R 01111111
R 11100000
L 14 14 14 13 13 13 13 13

N 19 C 2
W 6 0
O 0 6
R 1111110000000000000
R 0000000000000000000
L 1 1 1 1 1 1 0 0 0 0 0 0 0 0 0 0 0 0 0

N 21 C 0
W 
O 
L 0 0 0 0 0 0 0 0 0 0 0 0 0 0 0 0 0 0 0 0 0

N 22 C 11
W 20 22 12 21 0 0 22 22 0 0 11
O 0 20 20 10 9 9 9 9 9 9 9
R 1111111111111111111100
R 1111111111111111111111
R 1111111111000000000011
R 1111111110111111111111
R 0000000000000000000000
R 0000000000000000000000
R 1111111111111111111111
R 1111111111111111111111
R 0000000000000000000000
R 0000000000000000000000
R 0000000001111111111100
L 6 6 6 6 6 6 6 6 6 6 6 6 6 6 6 6 6 6 6 6 5 5

N 28 C 0
W 
O 
L 0 0 0 0 0 0 0 0 0 0 0 0 0 0 0 0 0 0 0 0 0 0 0 0 0 0 0 0

N 10 C 4
W 10 0 9 7
O 0 0 0 9
R 1111111111
R 0000000000
R 1111111110
R 1111110001
L 3 3 3 3 3 3 2 2 2 2

N 29 C 22
W 6 29 22 29 13 17 0 0 11 12 29 9 0 29 29 11 0 29 2 4 13 29
O 0 6 6 28 28 12 0 0 0 11 23 23 3 3 3 3 14 14 14 16 20 4
R 11111100000000000000000000000
R 11111111111111111111111111111
R 00000011111111111111111111110
R 11111111111111111111111111111
R 11111111111100000000000000001
R 00000000000011111111111111111
R 00000000000000000000000000000
R 00000000000000000000000000000
R 11111111111000000000000000000
R 00000000000111111111111000000
R 11111111111111111111111111111
R 11100000000000000000000111111
R 00000000000000000000000000000
R 11111111111111111111111111111
R 11111111111111111111111111111
R 00011111111111000000000000000
R 00000000000000000000000000000
R 11111111111111111111111111111
R 00000000000000110000000000000
R 00000000000000001111000000000
R 11110000000000000000111111111
R 11111111111111111111111111111
L 12 12 12 12 11 11 11 11 11 11 11 11 11 11 11 11 11 11 11 11 11 11 11 11 11 11 11 11 11

N 23 C 26
W 0 11 0 6 0 20 17 12 1 1 12 11 17 0 13 17 0 15 19 16 12 23 10 0 2 1
O 0 0 11 11 17 17 14 8 20 21 22 11 22 16 16 6 0 0 15 11 4 16 16 3 3 5
R 00000000000000000000000
R 11111111111000000000000
R 00000000000000000000000
R 00000000000111111000000
R 00000000000000000000000
R 11111111111111000111111
R 11111111000000111111111
R 00000000111111111111000
R 00000000000000000000100
R 00000000000000000000010
R 11111111111000000000001
R 00000000000111111111110
R 11111111111111110000001
R 00000000000000000000000
R 11111100000000001111111
R 00000011111111111111111
R 00000000000000000000000
R 11111111111111100000000
R 11111111111000011111111
R 11110000000111111111111
R 00001111111111110000000
R 11111111111111111111111
R 11100000000000001111111
R 00000000000000000000000
R 00011000000000000000000
R 00000100000000000000000
L 11 11 11 11 11 11 10 10 10 10 10 10 10 10 10 10 10 10 10 10 10 10 10

N 31 C 13
W 29 0 31 1 31 7 0 31 8 31 4 31 2
O 0 29 29 29 30 30 6 6 6 14 14 18 18
R 1111111111111111111111111111100
R 0000000000000000000000000000000
R 1111111111111111111111111111111
R 0000000000000000000000000000010
R 1111111111111111111111111111111
R 1111110000000000000000000000001
R 0000000000000000000000000000000
R 1111111111111111111111111111111
R 0000001111111100000000000000000
R 1111111111111111111111111111111
R 0000000000000011110000000000000
R 1111111111111111111111111111111
R 0000000000000000001100000000000
L 7 7 7 7 7 7 7 7 7 7 7 7 7 7 7 7 7 7 7 7 6 6 6 6 6 6 6 6 6 6 6

N 28 C 3
W 18 0 14
O 0 18 18
R 1111111111111111110000000000
R 0000000000000000000000000000
R 1111000000000000001111111111
L 2 2 2 2 1 1 1 1 1 1 1 1 1 1 1 1 1 1 1 1 1 1 1 1 1 1 1 1

N 9 C 6
W 7 5 0 0 5 9
O 0 7 3 3 3 8
R 111111100
R 111000011
R 000000000
R 000000000
R 000111110
R 111111111
L 3 3 3 3 3 3 3 3 2

N 17 C 3
W 2 0 5
O 0 2 2
R 11000000000000000
R 00000000000000000
R 00111110000000000
L 1 1 1 1 1 1 1 0 0 0 0 0 0 0 0 0 0

N 11 C 28
W 0 5 4 3 11 7 10 6 11 0 11 9 0 0 11 0 0 0 2 11 0 8 4 9 11 0 8 11
O 0 0 5 9 1 1 8 7 2 2 2 2 0 0 0 0 0 0 0 2 2 2 10 3 1 1 1 9
R 00000000000
R 11111000000
R 00000111100
R 10000000011
R 11111111111
R 01111111000
R 11111110111
R 11000001111
R 11111111111
R 00000000000
R 11111111111
R 00111111111
R 00000000000
R 00000000000
R 11111111111
R 00000000000
R 00000000000
R 00000000000
R 11000000000
R 11111111111
R 00000000000
R 00111111110
R 11100000001
R 10011111111
R 11111111111
R 00000000000
R 01111111100
R 11111111111
L 14 14 14 14 14 14 14 14 14 13 13

N 27 C 8
W 0 0 22 12 23 11 0 15
O 0 0 0 22 7 3 14 14
R 000000000000000000000000000
R 000000000000000000000000000
R 111111111111111111111100000
R 111111100000000000000011111
R 111000011111111111111111111
R 000111111111110000000000000
R 000000000000000000000000000
R 110000000000001111111111111
L 4 4 3 3 3 3 3 3 3 3 3 3 3 3 3 3 3 3 3 3 3 3 3 3 3 3 3

N 15 C 6
W 0 10 0 15 14 15
O 0 0 10 10 10 9
R 000000000000000
R 111111111100000
R 000000000000000
R 111111111111111
R 111111111011111
R 111111111111111
L 4 4 4 4 4 4 4 4 4 3 3 3 3 3 3

N 15 C 1
W 15
O 0
R 111111111111111
L 1 1 1 1 1 1 1 1 1 1 1 1 1 1 1

N 23 C 14
W 5 0 9 23 6 23 0 0 23 23 23 20 23 23
O 0 5 5 14 14 20 20 20 20 20 20 20 17 17
R 11111000000000000000000
R 00000000000000000000000
R 00000111111111000000000
R 11111111111111111111111
R 00000000000000111111000
R 11111111111111111111111
R 00000000000000000000000
R 00000000000000000000000
R 11111111111111111111111
R 11111111111111111111111
R 11111111111111111111111
R 11111111111111111000111
R 11111111111111111111111
R 11111111111111111111111
L 9 9 9 9 9 9 9 9 9 9 9 9 9 9 9 9 9 8 8 8 8 8 8

N 13 C 0
W 
O 
L 0 0 0 0 0 0 0 0 0 0 0 0 0

N 14 C 21
W 14 14 14 4 3 7 0 0 14 7 7 10 0 4 13 3 6 1 0 2 14
O 0 0 0 0 4 7 0 0 0 0 7 0 10 10 0 13 2 8 9 9 11
R 11111111111111
R 11111111111111
R 11111111111111
R 11110000000000
R 00001110000000
R 00000001111111
R 00000000000000
R 00000000000000
R 11111111111111
R 11111110000000
R 00000001111111
R 11111111110000
R 00000000000000
R 00000000001111
R 11111111111110
R 11000000000001
R 00111111000000
R 00000000100000
R 00000000000000
R 00000000011000
R 11111111111111
L 10 10 10 10 10 10 10 10 10 10 10 9 9 9

N 24 C 14
W 17 0 0 20 0 16 2 24 24 16 24 0 24 0
O 0 17 17 17 13 13 5 7 7 7 23 23 23 23
R 111111111111111110000000
R 000000000000000000000000
R 000000000000000000000000
R 111111111111100001111111
R 000000000000000000000000
R 111110000000011111111111
R 000001100000000000000000
R 111111111111111111111111
R 111111111111111111111111
R 000000011111111111111110
R 111111111111111111111111
R 000000000000000000000000
R 111111111111111111111111
R 000000000000000000000000
L 7 7 7 7 7 7 7 7 7 7 7 7 7 7 7 7 7 7 7 7 7 7 7 6

N 18 C 21
W 6 18 10 5 0 0 16 6 18 18 0 0 0 18 18 1 18 18 4 17 6
O 0 6 6 16 3 3 3 1 7 7 7 7 7 7 7 7 8 8 8 12 11
R 111111000000000000
R 111111111111111111
R 000000111111111100
R 111000000000000011
R 000000000000000000
R 000000000000000000
R 100111111111111111
R 011111100000000000
R 111111111111111111
R 111111111111111111
R 000000000000000000
R 000000000000000000
R 000000000000000000
R 111111111111111111
R 111111111111111111
R 000000010000000000
R 111111111111111111
R 111111111111111111
R 000000001111000000
R 111111111110111111
R 000000000001111110
L 11 11 11 11 11 11 11 11 11 11 11 11 11 11 11 11 11 10

N 19 C 12
W 19 19 1 0 19 2 19 9 6 19 3 19
O 0 0 0 1 1 1 3 3 12 18 18 2
R 1111111111111111111
R 1111111111111111111
R 1000000000000000000
R 0000000000000000000
R 1111111111111111111
R 0110000000000000000
R 1111111111111111111
R 0001111111110000000
R 0000000000001111110
R 1111111111111111111
R 1100000000000000001
R 1111111111111111111
L 8 8 7 7 7 7 7 7 7 7 7 7 7 7 7 7 7 7 7

N 25 C 12
W 15 20 25 0 16 5 7 0 20 8 14 20
O 0 15 10 10 10 1 6 13 13 8 16 5
R 1111111111111110000000000
R 1111111111000001111111111
R 1111111111111111111111111
R 0000000000000000000000000
R 1000000000111111111111111
R 0111110000000000000000000
R 0000001111111000000000000
R 0000000000000000000000000
R 1111111100000111111111111
R 0000000011111111000000000
R 1111100000000000111111111
R 0000011111111111111111111
L 6 6 6 6 6 6 6 6 6 6 6 6 6 6 6 6 6 6 6 6 6 6 6 6 6

N 12 C 28
W 12 1 0 7 12 9 6 0 12 5 3 0 3 4 5 11 0 7 12 0 8 0 8 3 6 3 6 7
O 0 0 1 1 8 8 5 11 11 11 4 7 7 10 2 7 6 6 1 1 1 9 9 5 8 2 5 11
R 111111111111
R 100000000000
R 000000000000
R 011111110000
R 111111111111
R 111110001111
R 000001111110
R 000000000000
R 111111111111
R 111100000001
R 000011100000
R 000000000000
R 000000011100
R 110000000011
R 001111100000
R 111111011111
R 000000000000
R 100000111111
R 111111111111
R 000000000000
R 011111111000
R 000000000000
R 111110000111
R 000001110000
R 110000001111
R 001110000000
R 000001111110
R 111111000001
L 13 13 13 13 13 13 12 12 12 12 12 12

N 5 C 25
W 5 4 5 1 4 2 0 5 0 0 1 1 5 0 3 5 5 2 2 0 3 2 5 0 0
O 0 0 4 4 0 4 1 1 1 1 1 2 3 3 3 1 1 1 3 0 0 3 0 0 0
R 11111
R 11110
R 11111
R 00001
R 11110
R 10001
R 00000
R 11111
R 00000
R 00000
R 01000
R 00100
R 11111
R 00000
R 10011
R 11111
R 11111
R 01100
R 00011
R 00000
R 11100
R 00011
R 11111
R 00000
R 00000
L 12 12 12 12 12

N 19 C 18
W 16 13 19 19 3 19 6 13 2 2 12 17 7 4 7 19 13 4
O 0 16 10 10 10 13 13 0 13 15 17 10 8 15 0 7 7 1
R 1111111111111111000
R 1111111111000000111
R 1111111111111111111
R 1111111111111111111
R 0000000000111000000
R 1111111111111111111
R 0000000000000111111
R 1111111111111000000
R 0000000000000110000
R 0000000000000001100
R 1111111111000000011
R 1111111100111111111
R 0000000011111110000
R 0000000000000001111
R 1111111000000000000
R 1111111111111111111
R 1000000111111111111
R 0111100000000000000
L 11 11 11 11 11 10 10 10 10 10 10 10 10 10 10 10 10 10 10

N 1 C 22
W 0 1 0 1 1 1 0 0 0 0 0 0 0 1 0 1 0 0 0 0 1 0
O 0 0 0 0 0 0 0 0 0 0 0 0 0 0 0 0 0 0 0 0 0 0
R 0
R 1
R 0
R 1
R 1
R 1
R 0
R 0
R 0
R 0
R 0
R 0
R 0
R 1
R 0
R 1
R 0
R 0
R 0
R 0
R 1
R 0
L 7

N 8 C 19
W 8 6 6 7 0 4 0 0 5 0 6 0 0 8 8 0 4 1 3
O 0 0 6 4 3 3 7 7 7 4 4 2 2 2 2 2 2 6 7
R 11111111
R 11111100
R 11110011
R 11101111
R 00000000
R 00011110
R 00000000
R 00000000
R 11110001
R 00000000
R 11001111
R 00000000
R 00000000
R 11111111
R 11111111
R 00000000
R 00111100
R 00000010
R 11000001
L 9 9 8 8 8 8 8 8

N 14 C 13
W 14 0 11 14 12 10 0 0 9 12 7 14 0
O 0 0 0 11 11 9 5 5 5 0 12 5 5
R 11111111111111
R 00000000000000
R 11111111111000
R 11111111111111
R 11111111100111
R 11111000011111
R 00000000000000
R 00000000000000
R 00000111111111
R 11111111111100
R 11111000000011
R 11111111111111
R 00000000000000
L 8 8 8 8 8 7 7 7 7 7 7 7 7 7
